# Arisen package-owned showcase mesh.
# Lathed presentation pedestal, 64 radial segments.
# Generated with three.js 0.180.0; see THIRD_PARTY_NOTICES.md.
o ShowcasePedestal
v 0 0 0
v 0 0 0.6800000071525574
v 0 0.03999999910593033 0.7200000286102295
v 0 0.10000000149011612 0.7200000286102295
v 0 0.15000000596046448 0.6700000166893005
v 0 0.20000000298023224 0.6100000143051147
v 0 0.27000001072883606 0.5799999833106995
v 0 0.3400000035762787 0.5799999833106995
v 0 0.4000000059604645 0.6100000143051147
v 0 0.4399999976158142 0.6600000262260437
v 0 0.47999998927116394 0.6600000262260437
v 0 0.47999998927116394 0
v 0 0 0
v 0.06665165722370148 0 0.6767256259918213
v 0.07057233899831772 0.03999999910593033 0.7165330052375793
v 0.07057233899831772 0.10000000149011612 0.7165330052375793
v 0.06567148119211197 0.15000000596046448 0.666773796081543
v 0.05979045480489731 0.20000000298023224 0.6070626974105835
v 0.05684994161128998 0.27000001072883606 0.5772071480751038
v 0.05684994161128998 0.3400000035762787 0.5772071480751038
v 0.05979045480489731 0.4000000059604645 0.6070626974105835
v 0.06469131261110306 0.4399999976158142 0.6568219065666199
v 0.06469131261110306 0.47999998927116394 0.6568219065666199
v 0 0.47999998927116394 0
v 0 0 0
v 0.13266141712665558 0 0.6669340133666992
v 0.14046503603458405 0.03999999910593033 0.7061653733253479
v 0.14046503603458405 0.10000000149011612 0.7061653733253479
v 0.13071051239967346 0.15000000596046448 0.6571261286735535
v 0.11900509893894196 0.20000000298023224 0.5982789993286133
v 0.1131523847579956 0.27000001072883606 0.5688554644584656
v 0.1131523847579956 0.3400000035762787 0.5688554644584656
v 0.11900509893894196 0.4000000059604645 0.5982789993286133
v 0.12875960767269135 0.4399999976158142 0.6473183035850525
v 0.12875960767269135 0.47999998927116394 0.6473183035850525
v 0 0.47999998927116394 0
v 0 0 0
v 0.19739358127117157 0 0.650719404220581
v 0.2090049684047699 0.03999999910593033 0.6889970302581787
v 0.2090049684047699 0.10000000149011612 0.6889970302581787
v 0.1944907307624817 0.15000000596046448 0.6411499977111816
v 0.1770736575126648 0.20000000298023224 0.5837336182594299
v 0.16836510598659515 0.27000001072883606 0.5550253987312317
v 0.16836510598659515 0.3400000035762787 0.5550253987312317
v 0.1770736575126648 0.4000000059604645 0.5837336182594299
v 0.1915878802537918 0.4399999976158142 0.631580650806427
v 0.1915878802537918 0.47999998927116394 0.631580650806427
v 0 0.47999998927116394 0
v 0 0 0
v 0.26022472977638245 0 0.6282380819320679
v 0.275532066822052 0.03999999910593033 0.6651932597160339
v 0.275532066822052 0.10000000149011612 0.6651932597160339
v 0.25639790296554565 0.15000000596046448 0.6189993023872375
v 0.23343689739704132 0.20000000298023224 0.5635665059089661
v 0.22195638716220856 0.27000001072883606 0.5358501076698303
v 0.22195638716220856 0.3400000035762787 0.5358501076698303
v 0.23343689739704132 0.4000000059604645 0.5635665059089661
v 0.25257107615470886 0.4399999976158142 0.6097604632377625
v 0.25257107615470886 0.47999998927116394 0.6097604632377625
v 0 0.47999998927116394 0
v 0 0 0
v 0.32054978609085083 0 0.5997064709663391
v 0.3394056558609009 0.03999999910593033 0.6349833011627197
v 0.3394056558609009 0.10000000149011612 0.6349833011627197
v 0.3158358037471771 0.15000000596046448 0.5908872485160828
v 0.28755199909210205 0.20000000298023224 0.5379719734191895
v 0.2734101116657257 0.27000001072883606 0.5115143060684204
v 0.2734101116657257 0.3400000035762787 0.5115143060684204
v 0.28755199909210205 0.4000000059604645 0.5379719734191895
v 0.3111218512058258 0.4399999976158142 0.5820680260658264
v 0.3111218512058258 0.47999998927116394 0.5820680260658264
v 0 0.47999998927116394 0
v 0 0 0
v 0.3777877688407898 0 0.5653993487358093
v 0.4000105559825897 0.03999999910593033 0.5986581444740295
v 0.4000105559825897 0.10000000149011612 0.5986581444740295
v 0.372232049703598 0.15000000596046448 0.5570846199989319
v 0.33889785408973694 0.20000000298023224 0.5071964859962463
v 0.322230726480484 0.27000001072883606 0.4822523891925812
v 0.322230726480484 0.3400000035762787 0.4822523891925812
v 0.33889785408973694 0.4000000059604645 0.5071964859962463
v 0.36667636036872864 0.4399999976158142 0.5487699508666992
v 0.36667636036872864 0.47999998927116394 0.5487699508666992
v 0 0.47999998927116394 0
v 0 0 0
v 0.43138742446899414 0 0.5256471037864685
v 0.4567631781101227 0.03999999910593033 0.5565675497055054
v 0.4567631781101227 0.10000000149011612 0.5565675497055054
v 0.4250434935092926 0.15000000596046448 0.5179169774055481
v 0.3869799077510834 0.20000000298023224 0.4715363681316376
v 0.36794811487197876 0.27000001072883606 0.4483460485935211
v 0.36794811487197876 0.3400000035762787 0.4483460485935211
v 0.3869799077510834 0.4000000059604645 0.4715363681316376
v 0.41869956254959106 0.4399999976158142 0.5101869106292725
v 0.41869956254959106 0.47999998927116394 0.5101869106292725
v 0 0.47999998927116394 0
v 0 0 0
v 0.48083260655403137 0 0.48083260655403137
v 0.5091168880462646 0.03999999910593033 0.5091168880462646
v 0.5091168880462646 0.10000000149011612 0.5091168880462646
v 0.47376152873039246 0.15000000596046448 0.47376152873039246
v 0.4313351511955261 0.20000000298023224 0.4313351511955261
v 0.41012194752693176 0.27000001072883606 0.41012194752693176
v 0.41012194752693176 0.3400000035762787 0.41012194752693176
v 0.4313351511955261 0.4000000059604645 0.4313351511955261
v 0.4666904807090759 0.4399999976158142 0.4666904807090759
v 0.4666904807090759 0.47999998927116394 0.4666904807090759
v 0 0.47999998927116394 0
v 0 0 0
v 0.5256471037864685 0 0.43138742446899414
v 0.5565675497055054 0.03999999910593033 0.4567631781101227
v 0.5565675497055054 0.10000000149011612 0.4567631781101227
v 0.5179169774055481 0.15000000596046448 0.4250434935092926
v 0.4715363681316376 0.20000000298023224 0.3869799077510834
v 0.4483460485935211 0.27000001072883606 0.36794811487197876
v 0.4483460485935211 0.3400000035762787 0.36794811487197876
v 0.4715363681316376 0.4000000059604645 0.3869799077510834
v 0.5101869106292725 0.4399999976158142 0.41869956254959106
v 0.5101869106292725 0.47999998927116394 0.41869956254959106
v 0 0.47999998927116394 0
v 0 0 0
v 0.5653993487358093 0 0.3777877688407898
v 0.5986581444740295 0.03999999910593033 0.4000105559825897
v 0.5986581444740295 0.10000000149011612 0.4000105559825897
v 0.5570846199989319 0.15000000596046448 0.372232049703598
v 0.5071964859962463 0.20000000298023224 0.33889785408973694
v 0.4822523891925812 0.27000001072883606 0.322230726480484
v 0.4822523891925812 0.3400000035762787 0.322230726480484
v 0.5071964859962463 0.4000000059604645 0.33889785408973694
v 0.5487699508666992 0.4399999976158142 0.36667636036872864
v 0.5487699508666992 0.47999998927116394 0.36667636036872864
v 0 0.47999998927116394 0
v 0 0 0
v 0.5997064709663391 0 0.32054978609085083
v 0.6349833011627197 0.03999999910593033 0.3394056558609009
v 0.6349833011627197 0.10000000149011612 0.3394056558609009
v 0.5908872485160828 0.15000000596046448 0.3158358037471771
v 0.5379719734191895 0.20000000298023224 0.28755199909210205
v 0.5115143060684204 0.27000001072883606 0.2734101116657257
v 0.5115143060684204 0.3400000035762787 0.2734101116657257
v 0.5379719734191895 0.4000000059604645 0.28755199909210205
v 0.5820680260658264 0.4399999976158142 0.3111218512058258
v 0.5820680260658264 0.47999998927116394 0.3111218512058258
v 0 0.47999998927116394 0
v 0 0 0
v 0.6282380819320679 0 0.26022472977638245
v 0.6651932597160339 0.03999999910593033 0.275532066822052
v 0.6651932597160339 0.10000000149011612 0.275532066822052
v 0.6189993023872375 0.15000000596046448 0.25639790296554565
v 0.5635665059089661 0.20000000298023224 0.23343689739704132
v 0.5358501076698303 0.27000001072883606 0.22195638716220856
v 0.5358501076698303 0.3400000035762787 0.22195638716220856
v 0.5635665059089661 0.4000000059604645 0.23343689739704132
v 0.6097604632377625 0.4399999976158142 0.25257107615470886
v 0.6097604632377625 0.47999998927116394 0.25257107615470886
v 0 0.47999998927116394 0
v 0 0 0
v 0.650719404220581 0 0.19739358127117157
v 0.6889970302581787 0.03999999910593033 0.2090049684047699
v 0.6889970302581787 0.10000000149011612 0.2090049684047699
v 0.6411499977111816 0.15000000596046448 0.1944907307624817
v 0.5837336182594299 0.20000000298023224 0.1770736575126648
v 0.5550253987312317 0.27000001072883606 0.16836510598659515
v 0.5550253987312317 0.3400000035762787 0.16836510598659515
v 0.5837336182594299 0.4000000059604645 0.1770736575126648
v 0.631580650806427 0.4399999976158142 0.1915878802537918
v 0.631580650806427 0.47999998927116394 0.1915878802537918
v 0 0.47999998927116394 0
v 0 0 0
v 0.6669340133666992 0 0.13266141712665558
v 0.7061653733253479 0.03999999910593033 0.14046503603458405
v 0.7061653733253479 0.10000000149011612 0.14046503603458405
v 0.6571261286735535 0.15000000596046448 0.13071051239967346
v 0.5982789993286133 0.20000000298023224 0.11900509893894196
v 0.5688554644584656 0.27000001072883606 0.1131523847579956
v 0.5688554644584656 0.3400000035762787 0.1131523847579956
v 0.5982789993286133 0.4000000059604645 0.11900509893894196
v 0.6473183035850525 0.4399999976158142 0.12875960767269135
v 0.6473183035850525 0.47999998927116394 0.12875960767269135
v 0 0.47999998927116394 0
v 0 0 0
v 0.6767256259918213 0 0.06665165722370148
v 0.7165330052375793 0.03999999910593033 0.07057233899831772
v 0.7165330052375793 0.10000000149011612 0.07057233899831772
v 0.666773796081543 0.15000000596046448 0.06567148119211197
v 0.6070626974105835 0.20000000298023224 0.05979045480489731
v 0.5772071480751038 0.27000001072883606 0.05684994161128998
v 0.5772071480751038 0.3400000035762787 0.05684994161128998
v 0.6070626974105835 0.4000000059604645 0.05979045480489731
v 0.6568219065666199 0.4399999976158142 0.06469131261110306
v 0.6568219065666199 0.47999998927116394 0.06469131261110306
v 0 0.47999998927116394 0
v 0 0 0
v 0.6800000071525574 0 4.163799232615122e-17
v 0.7200000286102295 0.03999999910593033 4.408728404608808e-17
v 0.7200000286102295 0.10000000149011612 4.408728404608808e-17
v 0.6700000166893005 0.15000000596046448 4.102566691462516e-17
v 0.6100000143051147 0.20000000298023224 3.735172768035864e-17
v 0.5799999833106995 0.27000001072883606 3.551475806322538e-17
v 0.5799999833106995 0.3400000035762787 3.551475806322538e-17
v 0.6100000143051147 0.4000000059604645 3.735172768035864e-17
v 0.6600000262260437 0.4399999976158142 4.041334481182156e-17
v 0.6600000262260437 0.47999998927116394 4.041334481182156e-17
v 0 0.47999998927116394 0
v 0 0 0
v 0.6767256259918213 0 -0.06665165722370148
v 0.7165330052375793 0.03999999910593033 -0.07057233899831772
v 0.7165330052375793 0.10000000149011612 -0.07057233899831772
v 0.666773796081543 0.15000000596046448 -0.06567148119211197
v 0.6070626974105835 0.20000000298023224 -0.05979045480489731
v 0.5772071480751038 0.27000001072883606 -0.05684994161128998
v 0.5772071480751038 0.3400000035762787 -0.05684994161128998
v 0.6070626974105835 0.4000000059604645 -0.05979045480489731
v 0.6568219065666199 0.4399999976158142 -0.06469131261110306
v 0.6568219065666199 0.47999998927116394 -0.06469131261110306
v 0 0.47999998927116394 0
v 0 0 0
v 0.6669340133666992 0 -0.13266141712665558
v 0.7061653733253479 0.03999999910593033 -0.14046503603458405
v 0.7061653733253479 0.10000000149011612 -0.14046503603458405
v 0.6571261286735535 0.15000000596046448 -0.13071051239967346
v 0.5982789993286133 0.20000000298023224 -0.11900509893894196
v 0.5688554644584656 0.27000001072883606 -0.1131523847579956
v 0.5688554644584656 0.3400000035762787 -0.1131523847579956
v 0.5982789993286133 0.4000000059604645 -0.11900509893894196
v 0.6473183035850525 0.4399999976158142 -0.12875960767269135
v 0.6473183035850525 0.47999998927116394 -0.12875960767269135
v 0 0.47999998927116394 0
v 0 0 0
v 0.650719404220581 0 -0.19739358127117157
v 0.6889970302581787 0.03999999910593033 -0.2090049684047699
v 0.6889970302581787 0.10000000149011612 -0.2090049684047699
v 0.6411499977111816 0.15000000596046448 -0.1944907307624817
v 0.5837336182594299 0.20000000298023224 -0.1770736575126648
v 0.5550253987312317 0.27000001072883606 -0.16836510598659515
v 0.5550253987312317 0.3400000035762787 -0.16836510598659515
v 0.5837336182594299 0.4000000059604645 -0.1770736575126648
v 0.631580650806427 0.4399999976158142 -0.1915878802537918
v 0.631580650806427 0.47999998927116394 -0.1915878802537918
v 0 0.47999998927116394 0
v 0 0 0
v 0.6282380819320679 0 -0.26022472977638245
v 0.6651932597160339 0.03999999910593033 -0.275532066822052
v 0.6651932597160339 0.10000000149011612 -0.275532066822052
v 0.6189993023872375 0.15000000596046448 -0.25639790296554565
v 0.5635665059089661 0.20000000298023224 -0.23343689739704132
v 0.5358501076698303 0.27000001072883606 -0.22195638716220856
v 0.5358501076698303 0.3400000035762787 -0.22195638716220856
v 0.5635665059089661 0.4000000059604645 -0.23343689739704132
v 0.6097604632377625 0.4399999976158142 -0.25257107615470886
v 0.6097604632377625 0.47999998927116394 -0.25257107615470886
v 0 0.47999998927116394 0
v 0 0 0
v 0.5997064709663391 0 -0.32054978609085083
v 0.6349833011627197 0.03999999910593033 -0.3394056558609009
v 0.6349833011627197 0.10000000149011612 -0.3394056558609009
v 0.5908872485160828 0.15000000596046448 -0.3158358037471771
v 0.5379719734191895 0.20000000298023224 -0.28755199909210205
v 0.5115143060684204 0.27000001072883606 -0.2734101116657257
v 0.5115143060684204 0.3400000035762787 -0.2734101116657257
v 0.5379719734191895 0.4000000059604645 -0.28755199909210205
v 0.5820680260658264 0.4399999976158142 -0.3111218512058258
v 0.5820680260658264 0.47999998927116394 -0.3111218512058258
v 0 0.47999998927116394 0
v 0 0 0
v 0.5653993487358093 0 -0.3777877688407898
v 0.5986581444740295 0.03999999910593033 -0.4000105559825897
v 0.5986581444740295 0.10000000149011612 -0.4000105559825897
v 0.5570846199989319 0.15000000596046448 -0.372232049703598
v 0.5071964859962463 0.20000000298023224 -0.33889785408973694
v 0.4822523891925812 0.27000001072883606 -0.322230726480484
v 0.4822523891925812 0.3400000035762787 -0.322230726480484
v 0.5071964859962463 0.4000000059604645 -0.33889785408973694
v 0.5487699508666992 0.4399999976158142 -0.36667636036872864
v 0.5487699508666992 0.47999998927116394 -0.36667636036872864
v 0 0.47999998927116394 0
v 0 0 0
v 0.5256471037864685 0 -0.43138742446899414
v 0.5565675497055054 0.03999999910593033 -0.4567631781101227
v 0.5565675497055054 0.10000000149011612 -0.4567631781101227
v 0.5179169774055481 0.15000000596046448 -0.4250434935092926
v 0.4715363681316376 0.20000000298023224 -0.3869799077510834
v 0.4483460485935211 0.27000001072883606 -0.36794811487197876
v 0.4483460485935211 0.3400000035762787 -0.36794811487197876
v 0.4715363681316376 0.4000000059604645 -0.3869799077510834
v 0.5101869106292725 0.4399999976158142 -0.41869956254959106
v 0.5101869106292725 0.47999998927116394 -0.41869956254959106
v 0 0.47999998927116394 0
v 0 0 0
v 0.48083260655403137 0 -0.48083260655403137
v 0.5091168880462646 0.03999999910593033 -0.5091168880462646
v 0.5091168880462646 0.10000000149011612 -0.5091168880462646
v 0.47376152873039246 0.15000000596046448 -0.47376152873039246
v 0.4313351511955261 0.20000000298023224 -0.4313351511955261
v 0.41012194752693176 0.27000001072883606 -0.41012194752693176
v 0.41012194752693176 0.3400000035762787 -0.41012194752693176
v 0.4313351511955261 0.4000000059604645 -0.4313351511955261
v 0.4666904807090759 0.4399999976158142 -0.4666904807090759
v 0.4666904807090759 0.47999998927116394 -0.4666904807090759
v 0 0.47999998927116394 0
v 0 0 0
v 0.43138742446899414 0 -0.5256471037864685
v 0.4567631781101227 0.03999999910593033 -0.5565675497055054
v 0.4567631781101227 0.10000000149011612 -0.5565675497055054
v 0.4250434935092926 0.15000000596046448 -0.5179169774055481
v 0.3869799077510834 0.20000000298023224 -0.4715363681316376
v 0.36794811487197876 0.27000001072883606 -0.4483460485935211
v 0.36794811487197876 0.3400000035762787 -0.4483460485935211
v 0.3869799077510834 0.4000000059604645 -0.4715363681316376
v 0.41869956254959106 0.4399999976158142 -0.5101869106292725
v 0.41869956254959106 0.47999998927116394 -0.5101869106292725
v 0 0.47999998927116394 0
v 0 0 0
v 0.3777877688407898 0 -0.5653993487358093
v 0.4000105559825897 0.03999999910593033 -0.5986581444740295
v 0.4000105559825897 0.10000000149011612 -0.5986581444740295
v 0.372232049703598 0.15000000596046448 -0.5570846199989319
v 0.33889785408973694 0.20000000298023224 -0.5071964859962463
v 0.322230726480484 0.27000001072883606 -0.4822523891925812
v 0.322230726480484 0.3400000035762787 -0.4822523891925812
v 0.33889785408973694 0.4000000059604645 -0.5071964859962463
v 0.36667636036872864 0.4399999976158142 -0.5487699508666992
v 0.36667636036872864 0.47999998927116394 -0.5487699508666992
v 0 0.47999998927116394 0
v 0 0 0
v 0.32054978609085083 0 -0.5997064709663391
v 0.3394056558609009 0.03999999910593033 -0.6349833011627197
v 0.3394056558609009 0.10000000149011612 -0.6349833011627197
v 0.3158358037471771 0.15000000596046448 -0.5908872485160828
v 0.28755199909210205 0.20000000298023224 -0.5379719734191895
v 0.2734101116657257 0.27000001072883606 -0.5115143060684204
v 0.2734101116657257 0.3400000035762787 -0.5115143060684204
v 0.28755199909210205 0.4000000059604645 -0.5379719734191895
v 0.3111218512058258 0.4399999976158142 -0.5820680260658264
v 0.3111218512058258 0.47999998927116394 -0.5820680260658264
v 0 0.47999998927116394 0
v 0 0 0
v 0.26022472977638245 0 -0.6282380819320679
v 0.275532066822052 0.03999999910593033 -0.6651932597160339
v 0.275532066822052 0.10000000149011612 -0.6651932597160339
v 0.25639790296554565 0.15000000596046448 -0.6189993023872375
v 0.23343689739704132 0.20000000298023224 -0.5635665059089661
v 0.22195638716220856 0.27000001072883606 -0.5358501076698303
v 0.22195638716220856 0.3400000035762787 -0.5358501076698303
v 0.23343689739704132 0.4000000059604645 -0.5635665059089661
v 0.25257107615470886 0.4399999976158142 -0.6097604632377625
v 0.25257107615470886 0.47999998927116394 -0.6097604632377625
v 0 0.47999998927116394 0
v 0 0 0
v 0.19739358127117157 0 -0.650719404220581
v 0.2090049684047699 0.03999999910593033 -0.6889970302581787
v 0.2090049684047699 0.10000000149011612 -0.6889970302581787
v 0.1944907307624817 0.15000000596046448 -0.6411499977111816
v 0.1770736575126648 0.20000000298023224 -0.5837336182594299
v 0.16836510598659515 0.27000001072883606 -0.5550253987312317
v 0.16836510598659515 0.3400000035762787 -0.5550253987312317
v 0.1770736575126648 0.4000000059604645 -0.5837336182594299
v 0.1915878802537918 0.4399999976158142 -0.631580650806427
v 0.1915878802537918 0.47999998927116394 -0.631580650806427
v 0 0.47999998927116394 0
v 0 0 0
v 0.13266141712665558 0 -0.6669340133666992
v 0.14046503603458405 0.03999999910593033 -0.7061653733253479
v 0.14046503603458405 0.10000000149011612 -0.7061653733253479
v 0.13071051239967346 0.15000000596046448 -0.6571261286735535
v 0.11900509893894196 0.20000000298023224 -0.5982789993286133
v 0.1131523847579956 0.27000001072883606 -0.5688554644584656
v 0.1131523847579956 0.3400000035762787 -0.5688554644584656
v 0.11900509893894196 0.4000000059604645 -0.5982789993286133
v 0.12875960767269135 0.4399999976158142 -0.6473183035850525
v 0.12875960767269135 0.47999998927116394 -0.6473183035850525
v 0 0.47999998927116394 0
v 0 0 0
v 0.06665165722370148 0 -0.6767256259918213
v 0.07057233899831772 0.03999999910593033 -0.7165330052375793
v 0.07057233899831772 0.10000000149011612 -0.7165330052375793
v 0.06567148119211197 0.15000000596046448 -0.666773796081543
v 0.05979045480489731 0.20000000298023224 -0.6070626974105835
v 0.05684994161128998 0.27000001072883606 -0.5772071480751038
v 0.05684994161128998 0.3400000035762787 -0.5772071480751038
v 0.05979045480489731 0.4000000059604645 -0.6070626974105835
v 0.06469131261110306 0.4399999976158142 -0.6568219065666199
v 0.06469131261110306 0.47999998927116394 -0.6568219065666199
v 0 0.47999998927116394 0
v 0 0 0
v 8.327598465230243e-17 0 -0.6800000071525574
v 8.817456809217617e-17 0.03999999910593033 -0.7200000286102295
v 8.817456809217617e-17 0.10000000149011612 -0.7200000286102295
v 8.205133382925033e-17 0.15000000596046448 -0.6700000166893005
v 7.470345536071728e-17 0.20000000298023224 -0.6100000143051147
v 7.102951612645076e-17 0.27000001072883606 -0.5799999833106995
v 7.102951612645076e-17 0.3400000035762787 -0.5799999833106995
v 7.470345536071728e-17 0.4000000059604645 -0.6100000143051147
v 8.082668962364312e-17 0.4399999976158142 -0.6600000262260437
v 8.082668962364312e-17 0.47999998927116394 -0.6600000262260437
v 0 0.47999998927116394 0
v 0 0 0
v -0.06665165722370148 0 -0.6767256259918213
v -0.07057233899831772 0.03999999910593033 -0.7165330052375793
v -0.07057233899831772 0.10000000149011612 -0.7165330052375793
v -0.06567148119211197 0.15000000596046448 -0.666773796081543
v -0.05979045480489731 0.20000000298023224 -0.6070626974105835
v -0.05684994161128998 0.27000001072883606 -0.5772071480751038
v -0.05684994161128998 0.3400000035762787 -0.5772071480751038
v -0.05979045480489731 0.4000000059604645 -0.6070626974105835
v -0.06469131261110306 0.4399999976158142 -0.6568219065666199
v -0.06469131261110306 0.47999998927116394 -0.6568219065666199
v 0 0.47999998927116394 0
v 0 0 0
v -0.13266141712665558 0 -0.6669340133666992
v -0.14046503603458405 0.03999999910593033 -0.7061653733253479
v -0.14046503603458405 0.10000000149011612 -0.7061653733253479
v -0.13071051239967346 0.15000000596046448 -0.6571261286735535
v -0.11900509893894196 0.20000000298023224 -0.5982789993286133
v -0.1131523847579956 0.27000001072883606 -0.5688554644584656
v -0.1131523847579956 0.3400000035762787 -0.5688554644584656
v -0.11900509893894196 0.4000000059604645 -0.5982789993286133
v -0.12875960767269135 0.4399999976158142 -0.6473183035850525
v -0.12875960767269135 0.47999998927116394 -0.6473183035850525
v 0 0.47999998927116394 0
v 0 0 0
v -0.19739358127117157 0 -0.650719404220581
v -0.2090049684047699 0.03999999910593033 -0.6889970302581787
v -0.2090049684047699 0.10000000149011612 -0.6889970302581787
v -0.1944907307624817 0.15000000596046448 -0.6411499977111816
v -0.1770736575126648 0.20000000298023224 -0.5837336182594299
v -0.16836510598659515 0.27000001072883606 -0.5550253987312317
v -0.16836510598659515 0.3400000035762787 -0.5550253987312317
v -0.1770736575126648 0.4000000059604645 -0.5837336182594299
v -0.1915878802537918 0.4399999976158142 -0.631580650806427
v -0.1915878802537918 0.47999998927116394 -0.631580650806427
v 0 0.47999998927116394 0
v 0 0 0
v -0.26022472977638245 0 -0.6282380819320679
v -0.275532066822052 0.03999999910593033 -0.6651932597160339
v -0.275532066822052 0.10000000149011612 -0.6651932597160339
v -0.25639790296554565 0.15000000596046448 -0.6189993023872375
v -0.23343689739704132 0.20000000298023224 -0.5635665059089661
v -0.22195638716220856 0.27000001072883606 -0.5358501076698303
v -0.22195638716220856 0.3400000035762787 -0.5358501076698303
v -0.23343689739704132 0.4000000059604645 -0.5635665059089661
v -0.25257107615470886 0.4399999976158142 -0.6097604632377625
v -0.25257107615470886 0.47999998927116394 -0.6097604632377625
v 0 0.47999998927116394 0
v 0 0 0
v -0.32054978609085083 0 -0.5997064709663391
v -0.3394056558609009 0.03999999910593033 -0.6349833011627197
v -0.3394056558609009 0.10000000149011612 -0.6349833011627197
v -0.3158358037471771 0.15000000596046448 -0.5908872485160828
v -0.28755199909210205 0.20000000298023224 -0.5379719734191895
v -0.2734101116657257 0.27000001072883606 -0.5115143060684204
v -0.2734101116657257 0.3400000035762787 -0.5115143060684204
v -0.28755199909210205 0.4000000059604645 -0.5379719734191895
v -0.3111218512058258 0.4399999976158142 -0.5820680260658264
v -0.3111218512058258 0.47999998927116394 -0.5820680260658264
v 0 0.47999998927116394 0
v 0 0 0
v -0.3777877688407898 0 -0.5653993487358093
v -0.4000105559825897 0.03999999910593033 -0.5986581444740295
v -0.4000105559825897 0.10000000149011612 -0.5986581444740295
v -0.372232049703598 0.15000000596046448 -0.5570846199989319
v -0.33889785408973694 0.20000000298023224 -0.5071964859962463
v -0.322230726480484 0.27000001072883606 -0.4822523891925812
v -0.322230726480484 0.3400000035762787 -0.4822523891925812
v -0.33889785408973694 0.4000000059604645 -0.5071964859962463
v -0.36667636036872864 0.4399999976158142 -0.5487699508666992
v -0.36667636036872864 0.47999998927116394 -0.5487699508666992
v 0 0.47999998927116394 0
v 0 0 0
v -0.43138742446899414 0 -0.5256471037864685
v -0.4567631781101227 0.03999999910593033 -0.5565675497055054
v -0.4567631781101227 0.10000000149011612 -0.5565675497055054
v -0.4250434935092926 0.15000000596046448 -0.5179169774055481
v -0.3869799077510834 0.20000000298023224 -0.4715363681316376
v -0.36794811487197876 0.27000001072883606 -0.4483460485935211
v -0.36794811487197876 0.3400000035762787 -0.4483460485935211
v -0.3869799077510834 0.4000000059604645 -0.4715363681316376
v -0.41869956254959106 0.4399999976158142 -0.5101869106292725
v -0.41869956254959106 0.47999998927116394 -0.5101869106292725
v 0 0.47999998927116394 0
v 0 0 0
v -0.48083260655403137 0 -0.48083260655403137
v -0.5091168880462646 0.03999999910593033 -0.5091168880462646
v -0.5091168880462646 0.10000000149011612 -0.5091168880462646
v -0.47376152873039246 0.15000000596046448 -0.47376152873039246
v -0.4313351511955261 0.20000000298023224 -0.4313351511955261
v -0.41012194752693176 0.27000001072883606 -0.41012194752693176
v -0.41012194752693176 0.3400000035762787 -0.41012194752693176
v -0.4313351511955261 0.4000000059604645 -0.4313351511955261
v -0.4666904807090759 0.4399999976158142 -0.4666904807090759
v -0.4666904807090759 0.47999998927116394 -0.4666904807090759
v 0 0.47999998927116394 0
v 0 0 0
v -0.5256471037864685 0 -0.43138742446899414
v -0.5565675497055054 0.03999999910593033 -0.4567631781101227
v -0.5565675497055054 0.10000000149011612 -0.4567631781101227
v -0.5179169774055481 0.15000000596046448 -0.4250434935092926
v -0.4715363681316376 0.20000000298023224 -0.3869799077510834
v -0.4483460485935211 0.27000001072883606 -0.36794811487197876
v -0.4483460485935211 0.3400000035762787 -0.36794811487197876
v -0.4715363681316376 0.4000000059604645 -0.3869799077510834
v -0.5101869106292725 0.4399999976158142 -0.41869956254959106
v -0.5101869106292725 0.47999998927116394 -0.41869956254959106
v 0 0.47999998927116394 0
v 0 0 0
v -0.5653993487358093 0 -0.3777877688407898
v -0.5986581444740295 0.03999999910593033 -0.4000105559825897
v -0.5986581444740295 0.10000000149011612 -0.4000105559825897
v -0.5570846199989319 0.15000000596046448 -0.372232049703598
v -0.5071964859962463 0.20000000298023224 -0.33889785408973694
v -0.4822523891925812 0.27000001072883606 -0.322230726480484
v -0.4822523891925812 0.3400000035762787 -0.322230726480484
v -0.5071964859962463 0.4000000059604645 -0.33889785408973694
v -0.5487699508666992 0.4399999976158142 -0.36667636036872864
v -0.5487699508666992 0.47999998927116394 -0.36667636036872864
v 0 0.47999998927116394 0
v 0 0 0
v -0.5997064709663391 0 -0.32054978609085083
v -0.6349833011627197 0.03999999910593033 -0.3394056558609009
v -0.6349833011627197 0.10000000149011612 -0.3394056558609009
v -0.5908872485160828 0.15000000596046448 -0.3158358037471771
v -0.5379719734191895 0.20000000298023224 -0.28755199909210205
v -0.5115143060684204 0.27000001072883606 -0.2734101116657257
v -0.5115143060684204 0.3400000035762787 -0.2734101116657257
v -0.5379719734191895 0.4000000059604645 -0.28755199909210205
v -0.5820680260658264 0.4399999976158142 -0.3111218512058258
v -0.5820680260658264 0.47999998927116394 -0.3111218512058258
v 0 0.47999998927116394 0
v 0 0 0
v -0.6282380819320679 0 -0.26022472977638245
v -0.6651932597160339 0.03999999910593033 -0.275532066822052
v -0.6651932597160339 0.10000000149011612 -0.275532066822052
v -0.6189993023872375 0.15000000596046448 -0.25639790296554565
v -0.5635665059089661 0.20000000298023224 -0.23343689739704132
v -0.5358501076698303 0.27000001072883606 -0.22195638716220856
v -0.5358501076698303 0.3400000035762787 -0.22195638716220856
v -0.5635665059089661 0.4000000059604645 -0.23343689739704132
v -0.6097604632377625 0.4399999976158142 -0.25257107615470886
v -0.6097604632377625 0.47999998927116394 -0.25257107615470886
v 0 0.47999998927116394 0
v 0 0 0
v -0.650719404220581 0 -0.19739358127117157
v -0.6889970302581787 0.03999999910593033 -0.2090049684047699
v -0.6889970302581787 0.10000000149011612 -0.2090049684047699
v -0.6411499977111816 0.15000000596046448 -0.1944907307624817
v -0.5837336182594299 0.20000000298023224 -0.1770736575126648
v -0.5550253987312317 0.27000001072883606 -0.16836510598659515
v -0.5550253987312317 0.3400000035762787 -0.16836510598659515
v -0.5837336182594299 0.4000000059604645 -0.1770736575126648
v -0.631580650806427 0.4399999976158142 -0.1915878802537918
v -0.631580650806427 0.47999998927116394 -0.1915878802537918
v 0 0.47999998927116394 0
v 0 0 0
v -0.6669340133666992 0 -0.13266141712665558
v -0.7061653733253479 0.03999999910593033 -0.14046503603458405
v -0.7061653733253479 0.10000000149011612 -0.14046503603458405
v -0.6571261286735535 0.15000000596046448 -0.13071051239967346
v -0.5982789993286133 0.20000000298023224 -0.11900509893894196
v -0.5688554644584656 0.27000001072883606 -0.1131523847579956
v -0.5688554644584656 0.3400000035762787 -0.1131523847579956
v -0.5982789993286133 0.4000000059604645 -0.11900509893894196
v -0.6473183035850525 0.4399999976158142 -0.12875960767269135
v -0.6473183035850525 0.47999998927116394 -0.12875960767269135
v 0 0.47999998927116394 0
v 0 0 0
v -0.6767256259918213 0 -0.06665165722370148
v -0.7165330052375793 0.03999999910593033 -0.07057233899831772
v -0.7165330052375793 0.10000000149011612 -0.07057233899831772
v -0.666773796081543 0.15000000596046448 -0.06567148119211197
v -0.6070626974105835 0.20000000298023224 -0.05979045480489731
v -0.5772071480751038 0.27000001072883606 -0.05684994161128998
v -0.5772071480751038 0.3400000035762787 -0.05684994161128998
v -0.6070626974105835 0.4000000059604645 -0.05979045480489731
v -0.6568219065666199 0.4399999976158142 -0.06469131261110306
v -0.6568219065666199 0.47999998927116394 -0.06469131261110306
v 0 0.47999998927116394 0
v 0 0 0
v -0.6800000071525574 0 -1.249139736697312e-16
v -0.7200000286102295 0.03999999910593033 -1.3226185213826425e-16
v -0.7200000286102295 0.10000000149011612 -1.3226185213826425e-16
v -0.6700000166893005 0.15000000596046448 -1.2307699743515304e-16
v -0.6100000143051147 0.20000000298023224 -1.1205517973235347e-16
v -0.5799999833106995 0.27000001072883606 -1.0654427088095368e-16
v -0.5799999833106995 0.3400000035762787 -1.0654427088095368e-16
v -0.6100000143051147 0.4000000059604645 -1.1205517973235347e-16
v -0.6600000262260437 0.4399999976158142 -1.2124003443546468e-16
v -0.6600000262260437 0.47999998927116394 -1.2124003443546468e-16
v 0 0.47999998927116394 0
v 0 0 0
v -0.6767256259918213 0 0.06665165722370148
v -0.7165330052375793 0.03999999910593033 0.07057233899831772
v -0.7165330052375793 0.10000000149011612 0.07057233899831772
v -0.666773796081543 0.15000000596046448 0.06567148119211197
v -0.6070626974105835 0.20000000298023224 0.05979045480489731
v -0.5772071480751038 0.27000001072883606 0.05684994161128998
v -0.5772071480751038 0.3400000035762787 0.05684994161128998
v -0.6070626974105835 0.4000000059604645 0.05979045480489731
v -0.6568219065666199 0.4399999976158142 0.06469131261110306
v -0.6568219065666199 0.47999998927116394 0.06469131261110306
v 0 0.47999998927116394 0
v 0 0 0
v -0.6669340133666992 0 0.13266141712665558
v -0.7061653733253479 0.03999999910593033 0.14046503603458405
v -0.7061653733253479 0.10000000149011612 0.14046503603458405
v -0.6571261286735535 0.15000000596046448 0.13071051239967346
v -0.5982789993286133 0.20000000298023224 0.11900509893894196
v -0.5688554644584656 0.27000001072883606 0.1131523847579956
v -0.5688554644584656 0.3400000035762787 0.1131523847579956
v -0.5982789993286133 0.4000000059604645 0.11900509893894196
v -0.6473183035850525 0.4399999976158142 0.12875960767269135
v -0.6473183035850525 0.47999998927116394 0.12875960767269135
v 0 0.47999998927116394 0
v 0 0 0
v -0.650719404220581 0 0.19739358127117157
v -0.6889970302581787 0.03999999910593033 0.2090049684047699
v -0.6889970302581787 0.10000000149011612 0.2090049684047699
v -0.6411499977111816 0.15000000596046448 0.1944907307624817
v -0.5837336182594299 0.20000000298023224 0.1770736575126648
v -0.5550253987312317 0.27000001072883606 0.16836510598659515
v -0.5550253987312317 0.3400000035762787 0.16836510598659515
v -0.5837336182594299 0.4000000059604645 0.1770736575126648
v -0.631580650806427 0.4399999976158142 0.1915878802537918
v -0.631580650806427 0.47999998927116394 0.1915878802537918
v 0 0.47999998927116394 0
v 0 0 0
v -0.6282380819320679 0 0.26022472977638245
v -0.6651932597160339 0.03999999910593033 0.275532066822052
v -0.6651932597160339 0.10000000149011612 0.275532066822052
v -0.6189993023872375 0.15000000596046448 0.25639790296554565
v -0.5635665059089661 0.20000000298023224 0.23343689739704132
v -0.5358501076698303 0.27000001072883606 0.22195638716220856
v -0.5358501076698303 0.3400000035762787 0.22195638716220856
v -0.5635665059089661 0.4000000059604645 0.23343689739704132
v -0.6097604632377625 0.4399999976158142 0.25257107615470886
v -0.6097604632377625 0.47999998927116394 0.25257107615470886
v 0 0.47999998927116394 0
v 0 0 0
v -0.5997064709663391 0 0.32054978609085083
v -0.6349833011627197 0.03999999910593033 0.3394056558609009
v -0.6349833011627197 0.10000000149011612 0.3394056558609009
v -0.5908872485160828 0.15000000596046448 0.3158358037471771
v -0.5379719734191895 0.20000000298023224 0.28755199909210205
v -0.5115143060684204 0.27000001072883606 0.2734101116657257
v -0.5115143060684204 0.3400000035762787 0.2734101116657257
v -0.5379719734191895 0.4000000059604645 0.28755199909210205
v -0.5820680260658264 0.4399999976158142 0.3111218512058258
v -0.5820680260658264 0.47999998927116394 0.3111218512058258
v 0 0.47999998927116394 0
v 0 0 0
v -0.5653993487358093 0 0.3777877688407898
v -0.5986581444740295 0.03999999910593033 0.4000105559825897
v -0.5986581444740295 0.10000000149011612 0.4000105559825897
v -0.5570846199989319 0.15000000596046448 0.372232049703598
v -0.5071964859962463 0.20000000298023224 0.33889785408973694
v -0.4822523891925812 0.27000001072883606 0.322230726480484
v -0.4822523891925812 0.3400000035762787 0.322230726480484
v -0.5071964859962463 0.4000000059604645 0.33889785408973694
v -0.5487699508666992 0.4399999976158142 0.36667636036872864
v -0.5487699508666992 0.47999998927116394 0.36667636036872864
v 0 0.47999998927116394 0
v 0 0 0
v -0.5256471037864685 0 0.43138742446899414
v -0.5565675497055054 0.03999999910593033 0.4567631781101227
v -0.5565675497055054 0.10000000149011612 0.4567631781101227
v -0.5179169774055481 0.15000000596046448 0.4250434935092926
v -0.4715363681316376 0.20000000298023224 0.3869799077510834
v -0.4483460485935211 0.27000001072883606 0.36794811487197876
v -0.4483460485935211 0.3400000035762787 0.36794811487197876
v -0.4715363681316376 0.4000000059604645 0.3869799077510834
v -0.5101869106292725 0.4399999976158142 0.41869956254959106
v -0.5101869106292725 0.47999998927116394 0.41869956254959106
v 0 0.47999998927116394 0
v 0 0 0
v -0.48083260655403137 0 0.48083260655403137
v -0.5091168880462646 0.03999999910593033 0.5091168880462646
v -0.5091168880462646 0.10000000149011612 0.5091168880462646
v -0.47376152873039246 0.15000000596046448 0.47376152873039246
v -0.4313351511955261 0.20000000298023224 0.4313351511955261
v -0.41012194752693176 0.27000001072883606 0.41012194752693176
v -0.41012194752693176 0.3400000035762787 0.41012194752693176
v -0.4313351511955261 0.4000000059604645 0.4313351511955261
v -0.4666904807090759 0.4399999976158142 0.4666904807090759
v -0.4666904807090759 0.47999998927116394 0.4666904807090759
v 0 0.47999998927116394 0
v 0 0 0
v -0.43138742446899414 0 0.5256471037864685
v -0.4567631781101227 0.03999999910593033 0.5565675497055054
v -0.4567631781101227 0.10000000149011612 0.5565675497055054
v -0.4250434935092926 0.15000000596046448 0.5179169774055481
v -0.3869799077510834 0.20000000298023224 0.4715363681316376
v -0.36794811487197876 0.27000001072883606 0.4483460485935211
v -0.36794811487197876 0.3400000035762787 0.4483460485935211
v -0.3869799077510834 0.4000000059604645 0.4715363681316376
v -0.41869956254959106 0.4399999976158142 0.5101869106292725
v -0.41869956254959106 0.47999998927116394 0.5101869106292725
v 0 0.47999998927116394 0
v 0 0 0
v -0.3777877688407898 0 0.5653993487358093
v -0.4000105559825897 0.03999999910593033 0.5986581444740295
v -0.4000105559825897 0.10000000149011612 0.5986581444740295
v -0.372232049703598 0.15000000596046448 0.5570846199989319
v -0.33889785408973694 0.20000000298023224 0.5071964859962463
v -0.322230726480484 0.27000001072883606 0.4822523891925812
v -0.322230726480484 0.3400000035762787 0.4822523891925812
v -0.33889785408973694 0.4000000059604645 0.5071964859962463
v -0.36667636036872864 0.4399999976158142 0.5487699508666992
v -0.36667636036872864 0.47999998927116394 0.5487699508666992
v 0 0.47999998927116394 0
v 0 0 0
v -0.32054978609085083 0 0.5997064709663391
v -0.3394056558609009 0.03999999910593033 0.6349833011627197
v -0.3394056558609009 0.10000000149011612 0.6349833011627197
v -0.3158358037471771 0.15000000596046448 0.5908872485160828
v -0.28755199909210205 0.20000000298023224 0.5379719734191895
v -0.2734101116657257 0.27000001072883606 0.5115143060684204
v -0.2734101116657257 0.3400000035762787 0.5115143060684204
v -0.28755199909210205 0.4000000059604645 0.5379719734191895
v -0.3111218512058258 0.4399999976158142 0.5820680260658264
v -0.3111218512058258 0.47999998927116394 0.5820680260658264
v 0 0.47999998927116394 0
v 0 0 0
v -0.26022472977638245 0 0.6282380819320679
v -0.275532066822052 0.03999999910593033 0.6651932597160339
v -0.275532066822052 0.10000000149011612 0.6651932597160339
v -0.25639790296554565 0.15000000596046448 0.6189993023872375
v -0.23343689739704132 0.20000000298023224 0.5635665059089661
v -0.22195638716220856 0.27000001072883606 0.5358501076698303
v -0.22195638716220856 0.3400000035762787 0.5358501076698303
v -0.23343689739704132 0.4000000059604645 0.5635665059089661
v -0.25257107615470886 0.4399999976158142 0.6097604632377625
v -0.25257107615470886 0.47999998927116394 0.6097604632377625
v 0 0.47999998927116394 0
v 0 0 0
v -0.19739358127117157 0 0.650719404220581
v -0.2090049684047699 0.03999999910593033 0.6889970302581787
v -0.2090049684047699 0.10000000149011612 0.6889970302581787
v -0.1944907307624817 0.15000000596046448 0.6411499977111816
v -0.1770736575126648 0.20000000298023224 0.5837336182594299
v -0.16836510598659515 0.27000001072883606 0.5550253987312317
v -0.16836510598659515 0.3400000035762787 0.5550253987312317
v -0.1770736575126648 0.4000000059604645 0.5837336182594299
v -0.1915878802537918 0.4399999976158142 0.631580650806427
v -0.1915878802537918 0.47999998927116394 0.631580650806427
v 0 0.47999998927116394 0
v 0 0 0
v -0.13266141712665558 0 0.6669340133666992
v -0.14046503603458405 0.03999999910593033 0.7061653733253479
v -0.14046503603458405 0.10000000149011612 0.7061653733253479
v -0.13071051239967346 0.15000000596046448 0.6571261286735535
v -0.11900509893894196 0.20000000298023224 0.5982789993286133
v -0.1131523847579956 0.27000001072883606 0.5688554644584656
v -0.1131523847579956 0.3400000035762787 0.5688554644584656
v -0.11900509893894196 0.4000000059604645 0.5982789993286133
v -0.12875960767269135 0.4399999976158142 0.6473183035850525
v -0.12875960767269135 0.47999998927116394 0.6473183035850525
v 0 0.47999998927116394 0
v 0 0 0
v -0.06665165722370148 0 0.6767256259918213
v -0.07057233899831772 0.03999999910593033 0.7165330052375793
v -0.07057233899831772 0.10000000149011612 0.7165330052375793
v -0.06567148119211197 0.15000000596046448 0.666773796081543
v -0.05979045480489731 0.20000000298023224 0.6070626974105835
v -0.05684994161128998 0.27000001072883606 0.5772071480751038
v -0.05684994161128998 0.3400000035762787 0.5772071480751038
v -0.05979045480489731 0.4000000059604645 0.6070626974105835
v -0.06469131261110306 0.4399999976158142 0.6568219065666199
v -0.06469131261110306 0.47999998927116394 0.6568219065666199
v 0 0.47999998927116394 0
v 0 0 0
v -1.6655196930460487e-16 0 0.6800000071525574
v -1.7634913618435233e-16 0.03999999910593033 0.7200000286102295
v -1.7634913618435233e-16 0.10000000149011612 0.7200000286102295
v -1.6410266765850065e-16 0.15000000596046448 0.6700000166893005
v -1.4940691072143456e-16 0.20000000298023224 0.6100000143051147
v -1.420590322529015e-16 0.27000001072883606 0.5799999833106995
v -1.420590322529015e-16 0.3400000035762787 0.5799999833106995
v -1.4940691072143456e-16 0.4000000059604645 0.6100000143051147
v -1.6165337924728624e-16 0.4399999976158142 0.6600000262260437
v -1.6165337924728624e-16 0.47999998927116394 0.6600000262260437
v 0 0.47999998927116394 0
vt 0 0
vt 0 0.09090909361839294
vt 0 0.1818181872367859
vt 0 0.27272728085517883
vt 0 0.3636363744735718
vt 0 0.4545454680919647
vt 0 0.5454545617103577
vt 0 0.6363636255264282
vt 0 0.7272727489471436
vt 0 0.8181818127632141
vt 0 0.9090909361839294
vt 0 1
vt 0.015625 0
vt 0.015625 0.09090909361839294
vt 0.015625 0.1818181872367859
vt 0.015625 0.27272728085517883
vt 0.015625 0.3636363744735718
vt 0.015625 0.4545454680919647
vt 0.015625 0.5454545617103577
vt 0.015625 0.6363636255264282
vt 0.015625 0.7272727489471436
vt 0.015625 0.8181818127632141
vt 0.015625 0.9090909361839294
vt 0.015625 1
vt 0.03125 0
vt 0.03125 0.09090909361839294
vt 0.03125 0.1818181872367859
vt 0.03125 0.27272728085517883
vt 0.03125 0.3636363744735718
vt 0.03125 0.4545454680919647
vt 0.03125 0.5454545617103577
vt 0.03125 0.6363636255264282
vt 0.03125 0.7272727489471436
vt 0.03125 0.8181818127632141
vt 0.03125 0.9090909361839294
vt 0.03125 1
vt 0.046875 0
vt 0.046875 0.09090909361839294
vt 0.046875 0.1818181872367859
vt 0.046875 0.27272728085517883
vt 0.046875 0.3636363744735718
vt 0.046875 0.4545454680919647
vt 0.046875 0.5454545617103577
vt 0.046875 0.6363636255264282
vt 0.046875 0.7272727489471436
vt 0.046875 0.8181818127632141
vt 0.046875 0.9090909361839294
vt 0.046875 1
vt 0.0625 0
vt 0.0625 0.09090909361839294
vt 0.0625 0.1818181872367859
vt 0.0625 0.27272728085517883
vt 0.0625 0.3636363744735718
vt 0.0625 0.4545454680919647
vt 0.0625 0.5454545617103577
vt 0.0625 0.6363636255264282
vt 0.0625 0.7272727489471436
vt 0.0625 0.8181818127632141
vt 0.0625 0.9090909361839294
vt 0.0625 1
vt 0.078125 0
vt 0.078125 0.09090909361839294
vt 0.078125 0.1818181872367859
vt 0.078125 0.27272728085517883
vt 0.078125 0.3636363744735718
vt 0.078125 0.4545454680919647
vt 0.078125 0.5454545617103577
vt 0.078125 0.6363636255264282
vt 0.078125 0.7272727489471436
vt 0.078125 0.8181818127632141
vt 0.078125 0.9090909361839294
vt 0.078125 1
vt 0.09375 0
vt 0.09375 0.09090909361839294
vt 0.09375 0.1818181872367859
vt 0.09375 0.27272728085517883
vt 0.09375 0.3636363744735718
vt 0.09375 0.4545454680919647
vt 0.09375 0.5454545617103577
vt 0.09375 0.6363636255264282
vt 0.09375 0.7272727489471436
vt 0.09375 0.8181818127632141
vt 0.09375 0.9090909361839294
vt 0.09375 1
vt 0.109375 0
vt 0.109375 0.09090909361839294
vt 0.109375 0.1818181872367859
vt 0.109375 0.27272728085517883
vt 0.109375 0.3636363744735718
vt 0.109375 0.4545454680919647
vt 0.109375 0.5454545617103577
vt 0.109375 0.6363636255264282
vt 0.109375 0.7272727489471436
vt 0.109375 0.8181818127632141
vt 0.109375 0.9090909361839294
vt 0.109375 1
vt 0.125 0
vt 0.125 0.09090909361839294
vt 0.125 0.1818181872367859
vt 0.125 0.27272728085517883
vt 0.125 0.3636363744735718
vt 0.125 0.4545454680919647
vt 0.125 0.5454545617103577
vt 0.125 0.6363636255264282
vt 0.125 0.7272727489471436
vt 0.125 0.8181818127632141
vt 0.125 0.9090909361839294
vt 0.125 1
vt 0.140625 0
vt 0.140625 0.09090909361839294
vt 0.140625 0.1818181872367859
vt 0.140625 0.27272728085517883
vt 0.140625 0.3636363744735718
vt 0.140625 0.4545454680919647
vt 0.140625 0.5454545617103577
vt 0.140625 0.6363636255264282
vt 0.140625 0.7272727489471436
vt 0.140625 0.8181818127632141
vt 0.140625 0.9090909361839294
vt 0.140625 1
vt 0.15625 0
vt 0.15625 0.09090909361839294
vt 0.15625 0.1818181872367859
vt 0.15625 0.27272728085517883
vt 0.15625 0.3636363744735718
vt 0.15625 0.4545454680919647
vt 0.15625 0.5454545617103577
vt 0.15625 0.6363636255264282
vt 0.15625 0.7272727489471436
vt 0.15625 0.8181818127632141
vt 0.15625 0.9090909361839294
vt 0.15625 1
vt 0.171875 0
vt 0.171875 0.09090909361839294
vt 0.171875 0.1818181872367859
vt 0.171875 0.27272728085517883
vt 0.171875 0.3636363744735718
vt 0.171875 0.4545454680919647
vt 0.171875 0.5454545617103577
vt 0.171875 0.6363636255264282
vt 0.171875 0.7272727489471436
vt 0.171875 0.8181818127632141
vt 0.171875 0.9090909361839294
vt 0.171875 1
vt 0.1875 0
vt 0.1875 0.09090909361839294
vt 0.1875 0.1818181872367859
vt 0.1875 0.27272728085517883
vt 0.1875 0.3636363744735718
vt 0.1875 0.4545454680919647
vt 0.1875 0.5454545617103577
vt 0.1875 0.6363636255264282
vt 0.1875 0.7272727489471436
vt 0.1875 0.8181818127632141
vt 0.1875 0.9090909361839294
vt 0.1875 1
vt 0.203125 0
vt 0.203125 0.09090909361839294
vt 0.203125 0.1818181872367859
vt 0.203125 0.27272728085517883
vt 0.203125 0.3636363744735718
vt 0.203125 0.4545454680919647
vt 0.203125 0.5454545617103577
vt 0.203125 0.6363636255264282
vt 0.203125 0.7272727489471436
vt 0.203125 0.8181818127632141
vt 0.203125 0.9090909361839294
vt 0.203125 1
vt 0.21875 0
vt 0.21875 0.09090909361839294
vt 0.21875 0.1818181872367859
vt 0.21875 0.27272728085517883
vt 0.21875 0.3636363744735718
vt 0.21875 0.4545454680919647
vt 0.21875 0.5454545617103577
vt 0.21875 0.6363636255264282
vt 0.21875 0.7272727489471436
vt 0.21875 0.8181818127632141
vt 0.21875 0.9090909361839294
vt 0.21875 1
vt 0.234375 0
vt 0.234375 0.09090909361839294
vt 0.234375 0.1818181872367859
vt 0.234375 0.27272728085517883
vt 0.234375 0.3636363744735718
vt 0.234375 0.4545454680919647
vt 0.234375 0.5454545617103577
vt 0.234375 0.6363636255264282
vt 0.234375 0.7272727489471436
vt 0.234375 0.8181818127632141
vt 0.234375 0.9090909361839294
vt 0.234375 1
vt 0.25 0
vt 0.25 0.09090909361839294
vt 0.25 0.1818181872367859
vt 0.25 0.27272728085517883
vt 0.25 0.3636363744735718
vt 0.25 0.4545454680919647
vt 0.25 0.5454545617103577
vt 0.25 0.6363636255264282
vt 0.25 0.7272727489471436
vt 0.25 0.8181818127632141
vt 0.25 0.9090909361839294
vt 0.25 1
vt 0.265625 0
vt 0.265625 0.09090909361839294
vt 0.265625 0.1818181872367859
vt 0.265625 0.27272728085517883
vt 0.265625 0.3636363744735718
vt 0.265625 0.4545454680919647
vt 0.265625 0.5454545617103577
vt 0.265625 0.6363636255264282
vt 0.265625 0.7272727489471436
vt 0.265625 0.8181818127632141
vt 0.265625 0.9090909361839294
vt 0.265625 1
vt 0.28125 0
vt 0.28125 0.09090909361839294
vt 0.28125 0.1818181872367859
vt 0.28125 0.27272728085517883
vt 0.28125 0.3636363744735718
vt 0.28125 0.4545454680919647
vt 0.28125 0.5454545617103577
vt 0.28125 0.6363636255264282
vt 0.28125 0.7272727489471436
vt 0.28125 0.8181818127632141
vt 0.28125 0.9090909361839294
vt 0.28125 1
vt 0.296875 0
vt 0.296875 0.09090909361839294
vt 0.296875 0.1818181872367859
vt 0.296875 0.27272728085517883
vt 0.296875 0.3636363744735718
vt 0.296875 0.4545454680919647
vt 0.296875 0.5454545617103577
vt 0.296875 0.6363636255264282
vt 0.296875 0.7272727489471436
vt 0.296875 0.8181818127632141
vt 0.296875 0.9090909361839294
vt 0.296875 1
vt 0.3125 0
vt 0.3125 0.09090909361839294
vt 0.3125 0.1818181872367859
vt 0.3125 0.27272728085517883
vt 0.3125 0.3636363744735718
vt 0.3125 0.4545454680919647
vt 0.3125 0.5454545617103577
vt 0.3125 0.6363636255264282
vt 0.3125 0.7272727489471436
vt 0.3125 0.8181818127632141
vt 0.3125 0.9090909361839294
vt 0.3125 1
vt 0.328125 0
vt 0.328125 0.09090909361839294
vt 0.328125 0.1818181872367859
vt 0.328125 0.27272728085517883
vt 0.328125 0.3636363744735718
vt 0.328125 0.4545454680919647
vt 0.328125 0.5454545617103577
vt 0.328125 0.6363636255264282
vt 0.328125 0.7272727489471436
vt 0.328125 0.8181818127632141
vt 0.328125 0.9090909361839294
vt 0.328125 1
vt 0.34375 0
vt 0.34375 0.09090909361839294
vt 0.34375 0.1818181872367859
vt 0.34375 0.27272728085517883
vt 0.34375 0.3636363744735718
vt 0.34375 0.4545454680919647
vt 0.34375 0.5454545617103577
vt 0.34375 0.6363636255264282
vt 0.34375 0.7272727489471436
vt 0.34375 0.8181818127632141
vt 0.34375 0.9090909361839294
vt 0.34375 1
vt 0.359375 0
vt 0.359375 0.09090909361839294
vt 0.359375 0.1818181872367859
vt 0.359375 0.27272728085517883
vt 0.359375 0.3636363744735718
vt 0.359375 0.4545454680919647
vt 0.359375 0.5454545617103577
vt 0.359375 0.6363636255264282
vt 0.359375 0.7272727489471436
vt 0.359375 0.8181818127632141
vt 0.359375 0.9090909361839294
vt 0.359375 1
vt 0.375 0
vt 0.375 0.09090909361839294
vt 0.375 0.1818181872367859
vt 0.375 0.27272728085517883
vt 0.375 0.3636363744735718
vt 0.375 0.4545454680919647
vt 0.375 0.5454545617103577
vt 0.375 0.6363636255264282
vt 0.375 0.7272727489471436
vt 0.375 0.8181818127632141
vt 0.375 0.9090909361839294
vt 0.375 1
vt 0.390625 0
vt 0.390625 0.09090909361839294
vt 0.390625 0.1818181872367859
vt 0.390625 0.27272728085517883
vt 0.390625 0.3636363744735718
vt 0.390625 0.4545454680919647
vt 0.390625 0.5454545617103577
vt 0.390625 0.6363636255264282
vt 0.390625 0.7272727489471436
vt 0.390625 0.8181818127632141
vt 0.390625 0.9090909361839294
vt 0.390625 1
vt 0.40625 0
vt 0.40625 0.09090909361839294
vt 0.40625 0.1818181872367859
vt 0.40625 0.27272728085517883
vt 0.40625 0.3636363744735718
vt 0.40625 0.4545454680919647
vt 0.40625 0.5454545617103577
vt 0.40625 0.6363636255264282
vt 0.40625 0.7272727489471436
vt 0.40625 0.8181818127632141
vt 0.40625 0.9090909361839294
vt 0.40625 1
vt 0.421875 0
vt 0.421875 0.09090909361839294
vt 0.421875 0.1818181872367859
vt 0.421875 0.27272728085517883
vt 0.421875 0.3636363744735718
vt 0.421875 0.4545454680919647
vt 0.421875 0.5454545617103577
vt 0.421875 0.6363636255264282
vt 0.421875 0.7272727489471436
vt 0.421875 0.8181818127632141
vt 0.421875 0.9090909361839294
vt 0.421875 1
vt 0.4375 0
vt 0.4375 0.09090909361839294
vt 0.4375 0.1818181872367859
vt 0.4375 0.27272728085517883
vt 0.4375 0.3636363744735718
vt 0.4375 0.4545454680919647
vt 0.4375 0.5454545617103577
vt 0.4375 0.6363636255264282
vt 0.4375 0.7272727489471436
vt 0.4375 0.8181818127632141
vt 0.4375 0.9090909361839294
vt 0.4375 1
vt 0.453125 0
vt 0.453125 0.09090909361839294
vt 0.453125 0.1818181872367859
vt 0.453125 0.27272728085517883
vt 0.453125 0.3636363744735718
vt 0.453125 0.4545454680919647
vt 0.453125 0.5454545617103577
vt 0.453125 0.6363636255264282
vt 0.453125 0.7272727489471436
vt 0.453125 0.8181818127632141
vt 0.453125 0.9090909361839294
vt 0.453125 1
vt 0.46875 0
vt 0.46875 0.09090909361839294
vt 0.46875 0.1818181872367859
vt 0.46875 0.27272728085517883
vt 0.46875 0.3636363744735718
vt 0.46875 0.4545454680919647
vt 0.46875 0.5454545617103577
vt 0.46875 0.6363636255264282
vt 0.46875 0.7272727489471436
vt 0.46875 0.8181818127632141
vt 0.46875 0.9090909361839294
vt 0.46875 1
vt 0.484375 0
vt 0.484375 0.09090909361839294
vt 0.484375 0.1818181872367859
vt 0.484375 0.27272728085517883
vt 0.484375 0.3636363744735718
vt 0.484375 0.4545454680919647
vt 0.484375 0.5454545617103577
vt 0.484375 0.6363636255264282
vt 0.484375 0.7272727489471436
vt 0.484375 0.8181818127632141
vt 0.484375 0.9090909361839294
vt 0.484375 1
vt 0.5 0
vt 0.5 0.09090909361839294
vt 0.5 0.1818181872367859
vt 0.5 0.27272728085517883
vt 0.5 0.3636363744735718
vt 0.5 0.4545454680919647
vt 0.5 0.5454545617103577
vt 0.5 0.6363636255264282
vt 0.5 0.7272727489471436
vt 0.5 0.8181818127632141
vt 0.5 0.9090909361839294
vt 0.5 1
vt 0.515625 0
vt 0.515625 0.09090909361839294
vt 0.515625 0.1818181872367859
vt 0.515625 0.27272728085517883
vt 0.515625 0.3636363744735718
vt 0.515625 0.4545454680919647
vt 0.515625 0.5454545617103577
vt 0.515625 0.6363636255264282
vt 0.515625 0.7272727489471436
vt 0.515625 0.8181818127632141
vt 0.515625 0.9090909361839294
vt 0.515625 1
vt 0.53125 0
vt 0.53125 0.09090909361839294
vt 0.53125 0.1818181872367859
vt 0.53125 0.27272728085517883
vt 0.53125 0.3636363744735718
vt 0.53125 0.4545454680919647
vt 0.53125 0.5454545617103577
vt 0.53125 0.6363636255264282
vt 0.53125 0.7272727489471436
vt 0.53125 0.8181818127632141
vt 0.53125 0.9090909361839294
vt 0.53125 1
vt 0.546875 0
vt 0.546875 0.09090909361839294
vt 0.546875 0.1818181872367859
vt 0.546875 0.27272728085517883
vt 0.546875 0.3636363744735718
vt 0.546875 0.4545454680919647
vt 0.546875 0.5454545617103577
vt 0.546875 0.6363636255264282
vt 0.546875 0.7272727489471436
vt 0.546875 0.8181818127632141
vt 0.546875 0.9090909361839294
vt 0.546875 1
vt 0.5625 0
vt 0.5625 0.09090909361839294
vt 0.5625 0.1818181872367859
vt 0.5625 0.27272728085517883
vt 0.5625 0.3636363744735718
vt 0.5625 0.4545454680919647
vt 0.5625 0.5454545617103577
vt 0.5625 0.6363636255264282
vt 0.5625 0.7272727489471436
vt 0.5625 0.8181818127632141
vt 0.5625 0.9090909361839294
vt 0.5625 1
vt 0.578125 0
vt 0.578125 0.09090909361839294
vt 0.578125 0.1818181872367859
vt 0.578125 0.27272728085517883
vt 0.578125 0.3636363744735718
vt 0.578125 0.4545454680919647
vt 0.578125 0.5454545617103577
vt 0.578125 0.6363636255264282
vt 0.578125 0.7272727489471436
vt 0.578125 0.8181818127632141
vt 0.578125 0.9090909361839294
vt 0.578125 1
vt 0.59375 0
vt 0.59375 0.09090909361839294
vt 0.59375 0.1818181872367859
vt 0.59375 0.27272728085517883
vt 0.59375 0.3636363744735718
vt 0.59375 0.4545454680919647
vt 0.59375 0.5454545617103577
vt 0.59375 0.6363636255264282
vt 0.59375 0.7272727489471436
vt 0.59375 0.8181818127632141
vt 0.59375 0.9090909361839294
vt 0.59375 1
vt 0.609375 0
vt 0.609375 0.09090909361839294
vt 0.609375 0.1818181872367859
vt 0.609375 0.27272728085517883
vt 0.609375 0.3636363744735718
vt 0.609375 0.4545454680919647
vt 0.609375 0.5454545617103577
vt 0.609375 0.6363636255264282
vt 0.609375 0.7272727489471436
vt 0.609375 0.8181818127632141
vt 0.609375 0.9090909361839294
vt 0.609375 1
vt 0.625 0
vt 0.625 0.09090909361839294
vt 0.625 0.1818181872367859
vt 0.625 0.27272728085517883
vt 0.625 0.3636363744735718
vt 0.625 0.4545454680919647
vt 0.625 0.5454545617103577
vt 0.625 0.6363636255264282
vt 0.625 0.7272727489471436
vt 0.625 0.8181818127632141
vt 0.625 0.9090909361839294
vt 0.625 1
vt 0.640625 0
vt 0.640625 0.09090909361839294
vt 0.640625 0.1818181872367859
vt 0.640625 0.27272728085517883
vt 0.640625 0.3636363744735718
vt 0.640625 0.4545454680919647
vt 0.640625 0.5454545617103577
vt 0.640625 0.6363636255264282
vt 0.640625 0.7272727489471436
vt 0.640625 0.8181818127632141
vt 0.640625 0.9090909361839294
vt 0.640625 1
vt 0.65625 0
vt 0.65625 0.09090909361839294
vt 0.65625 0.1818181872367859
vt 0.65625 0.27272728085517883
vt 0.65625 0.3636363744735718
vt 0.65625 0.4545454680919647
vt 0.65625 0.5454545617103577
vt 0.65625 0.6363636255264282
vt 0.65625 0.7272727489471436
vt 0.65625 0.8181818127632141
vt 0.65625 0.9090909361839294
vt 0.65625 1
vt 0.671875 0
vt 0.671875 0.09090909361839294
vt 0.671875 0.1818181872367859
vt 0.671875 0.27272728085517883
vt 0.671875 0.3636363744735718
vt 0.671875 0.4545454680919647
vt 0.671875 0.5454545617103577
vt 0.671875 0.6363636255264282
vt 0.671875 0.7272727489471436
vt 0.671875 0.8181818127632141
vt 0.671875 0.9090909361839294
vt 0.671875 1
vt 0.6875 0
vt 0.6875 0.09090909361839294
vt 0.6875 0.1818181872367859
vt 0.6875 0.27272728085517883
vt 0.6875 0.3636363744735718
vt 0.6875 0.4545454680919647
vt 0.6875 0.5454545617103577
vt 0.6875 0.6363636255264282
vt 0.6875 0.7272727489471436
vt 0.6875 0.8181818127632141
vt 0.6875 0.9090909361839294
vt 0.6875 1
vt 0.703125 0
vt 0.703125 0.09090909361839294
vt 0.703125 0.1818181872367859
vt 0.703125 0.27272728085517883
vt 0.703125 0.3636363744735718
vt 0.703125 0.4545454680919647
vt 0.703125 0.5454545617103577
vt 0.703125 0.6363636255264282
vt 0.703125 0.7272727489471436
vt 0.703125 0.8181818127632141
vt 0.703125 0.9090909361839294
vt 0.703125 1
vt 0.71875 0
vt 0.71875 0.09090909361839294
vt 0.71875 0.1818181872367859
vt 0.71875 0.27272728085517883
vt 0.71875 0.3636363744735718
vt 0.71875 0.4545454680919647
vt 0.71875 0.5454545617103577
vt 0.71875 0.6363636255264282
vt 0.71875 0.7272727489471436
vt 0.71875 0.8181818127632141
vt 0.71875 0.9090909361839294
vt 0.71875 1
vt 0.734375 0
vt 0.734375 0.09090909361839294
vt 0.734375 0.1818181872367859
vt 0.734375 0.27272728085517883
vt 0.734375 0.3636363744735718
vt 0.734375 0.4545454680919647
vt 0.734375 0.5454545617103577
vt 0.734375 0.6363636255264282
vt 0.734375 0.7272727489471436
vt 0.734375 0.8181818127632141
vt 0.734375 0.9090909361839294
vt 0.734375 1
vt 0.75 0
vt 0.75 0.09090909361839294
vt 0.75 0.1818181872367859
vt 0.75 0.27272728085517883
vt 0.75 0.3636363744735718
vt 0.75 0.4545454680919647
vt 0.75 0.5454545617103577
vt 0.75 0.6363636255264282
vt 0.75 0.7272727489471436
vt 0.75 0.8181818127632141
vt 0.75 0.9090909361839294
vt 0.75 1
vt 0.765625 0
vt 0.765625 0.09090909361839294
vt 0.765625 0.1818181872367859
vt 0.765625 0.27272728085517883
vt 0.765625 0.3636363744735718
vt 0.765625 0.4545454680919647
vt 0.765625 0.5454545617103577
vt 0.765625 0.6363636255264282
vt 0.765625 0.7272727489471436
vt 0.765625 0.8181818127632141
vt 0.765625 0.9090909361839294
vt 0.765625 1
vt 0.78125 0
vt 0.78125 0.09090909361839294
vt 0.78125 0.1818181872367859
vt 0.78125 0.27272728085517883
vt 0.78125 0.3636363744735718
vt 0.78125 0.4545454680919647
vt 0.78125 0.5454545617103577
vt 0.78125 0.6363636255264282
vt 0.78125 0.7272727489471436
vt 0.78125 0.8181818127632141
vt 0.78125 0.9090909361839294
vt 0.78125 1
vt 0.796875 0
vt 0.796875 0.09090909361839294
vt 0.796875 0.1818181872367859
vt 0.796875 0.27272728085517883
vt 0.796875 0.3636363744735718
vt 0.796875 0.4545454680919647
vt 0.796875 0.5454545617103577
vt 0.796875 0.6363636255264282
vt 0.796875 0.7272727489471436
vt 0.796875 0.8181818127632141
vt 0.796875 0.9090909361839294
vt 0.796875 1
vt 0.8125 0
vt 0.8125 0.09090909361839294
vt 0.8125 0.1818181872367859
vt 0.8125 0.27272728085517883
vt 0.8125 0.3636363744735718
vt 0.8125 0.4545454680919647
vt 0.8125 0.5454545617103577
vt 0.8125 0.6363636255264282
vt 0.8125 0.7272727489471436
vt 0.8125 0.8181818127632141
vt 0.8125 0.9090909361839294
vt 0.8125 1
vt 0.828125 0
vt 0.828125 0.09090909361839294
vt 0.828125 0.1818181872367859
vt 0.828125 0.27272728085517883
vt 0.828125 0.3636363744735718
vt 0.828125 0.4545454680919647
vt 0.828125 0.5454545617103577
vt 0.828125 0.6363636255264282
vt 0.828125 0.7272727489471436
vt 0.828125 0.8181818127632141
vt 0.828125 0.9090909361839294
vt 0.828125 1
vt 0.84375 0
vt 0.84375 0.09090909361839294
vt 0.84375 0.1818181872367859
vt 0.84375 0.27272728085517883
vt 0.84375 0.3636363744735718
vt 0.84375 0.4545454680919647
vt 0.84375 0.5454545617103577
vt 0.84375 0.6363636255264282
vt 0.84375 0.7272727489471436
vt 0.84375 0.8181818127632141
vt 0.84375 0.9090909361839294
vt 0.84375 1
vt 0.859375 0
vt 0.859375 0.09090909361839294
vt 0.859375 0.1818181872367859
vt 0.859375 0.27272728085517883
vt 0.859375 0.3636363744735718
vt 0.859375 0.4545454680919647
vt 0.859375 0.5454545617103577
vt 0.859375 0.6363636255264282
vt 0.859375 0.7272727489471436
vt 0.859375 0.8181818127632141
vt 0.859375 0.9090909361839294
vt 0.859375 1
vt 0.875 0
vt 0.875 0.09090909361839294
vt 0.875 0.1818181872367859
vt 0.875 0.27272728085517883
vt 0.875 0.3636363744735718
vt 0.875 0.4545454680919647
vt 0.875 0.5454545617103577
vt 0.875 0.6363636255264282
vt 0.875 0.7272727489471436
vt 0.875 0.8181818127632141
vt 0.875 0.9090909361839294
vt 0.875 1
vt 0.890625 0
vt 0.890625 0.09090909361839294
vt 0.890625 0.1818181872367859
vt 0.890625 0.27272728085517883
vt 0.890625 0.3636363744735718
vt 0.890625 0.4545454680919647
vt 0.890625 0.5454545617103577
vt 0.890625 0.6363636255264282
vt 0.890625 0.7272727489471436
vt 0.890625 0.8181818127632141
vt 0.890625 0.9090909361839294
vt 0.890625 1
vt 0.90625 0
vt 0.90625 0.09090909361839294
vt 0.90625 0.1818181872367859
vt 0.90625 0.27272728085517883
vt 0.90625 0.3636363744735718
vt 0.90625 0.4545454680919647
vt 0.90625 0.5454545617103577
vt 0.90625 0.6363636255264282
vt 0.90625 0.7272727489471436
vt 0.90625 0.8181818127632141
vt 0.90625 0.9090909361839294
vt 0.90625 1
vt 0.921875 0
vt 0.921875 0.09090909361839294
vt 0.921875 0.1818181872367859
vt 0.921875 0.27272728085517883
vt 0.921875 0.3636363744735718
vt 0.921875 0.4545454680919647
vt 0.921875 0.5454545617103577
vt 0.921875 0.6363636255264282
vt 0.921875 0.7272727489471436
vt 0.921875 0.8181818127632141
vt 0.921875 0.9090909361839294
vt 0.921875 1
vt 0.9375 0
vt 0.9375 0.09090909361839294
vt 0.9375 0.1818181872367859
vt 0.9375 0.27272728085517883
vt 0.9375 0.3636363744735718
vt 0.9375 0.4545454680919647
vt 0.9375 0.5454545617103577
vt 0.9375 0.6363636255264282
vt 0.9375 0.7272727489471436
vt 0.9375 0.8181818127632141
vt 0.9375 0.9090909361839294
vt 0.9375 1
vt 0.953125 0
vt 0.953125 0.09090909361839294
vt 0.953125 0.1818181872367859
vt 0.953125 0.27272728085517883
vt 0.953125 0.3636363744735718
vt 0.953125 0.4545454680919647
vt 0.953125 0.5454545617103577
vt 0.953125 0.6363636255264282
vt 0.953125 0.7272727489471436
vt 0.953125 0.8181818127632141
vt 0.953125 0.9090909361839294
vt 0.953125 1
vt 0.96875 0
vt 0.96875 0.09090909361839294
vt 0.96875 0.1818181872367859
vt 0.96875 0.27272728085517883
vt 0.96875 0.3636363744735718
vt 0.96875 0.4545454680919647
vt 0.96875 0.5454545617103577
vt 0.96875 0.6363636255264282
vt 0.96875 0.7272727489471436
vt 0.96875 0.8181818127632141
vt 0.96875 0.9090909361839294
vt 0.96875 1
vt 0.984375 0
vt 0.984375 0.09090909361839294
vt 0.984375 0.1818181872367859
vt 0.984375 0.27272728085517883
vt 0.984375 0.3636363744735718
vt 0.984375 0.4545454680919647
vt 0.984375 0.5454545617103577
vt 0.984375 0.6363636255264282
vt 0.984375 0.7272727489471436
vt 0.984375 0.8181818127632141
vt 0.984375 0.9090909361839294
vt 0.984375 1
vt 1 0
vt 1 0.09090909361839294
vt 1 0.1818181872367859
vt 1 0.27272728085517883
vt 1 0.3636363744735718
vt 1 0.4545454680919647
vt 1 0.5454545617103577
vt 1 0.6363636255264282
vt 1 0.7272727489471436
vt 1 0.8181818127632141
vt 1 0.9090909361839294
vt 1 1
vn 0 0 0
vn 0.0027250530835012713 -0.9984566461414175 0.05546981036315408
vn 0.04274197971397657 -0.4911451558493655 0.870028481749783
vn 0.04707870654331019 0.281853498340728 0.958301727465469
vn 0.03360802727481242 0.7286070091590995 0.6841069556048435
vn 0.036649533324817116 0.6649151573007338 0.7460191990148871
vn 0.04715356293468438 0.2765636778908794 0.9598380454920687
vn 0.04852568482634317 -0.14816585563137213 0.9877712979921808
vn 0.0403829040230725 -0.5680317416841655 0.8220153049073459
vn 0.03791397373270524 -0.6347945821112282 0.7717501986511097
vn 0.0059114695047362 0.9927164392086198 0.12032923939447589
vn 0 1 0
vn 0 -1 0
vn 0.00667075165123841 -0.9966099325478895 0.08200087450325494
vn 0.08775370019126309 -0.3677961610511148 0.9257565943696023
vn 0.09126637752278997 0.40941160362130835 0.9077734228066475
vn 0.0669270518043996 0.7391030652598036 0.6702592249721997
vn 0.0768144790236299 0.6046706351295409 0.792762864180939
vn 0.09621366767776997 0.21124031940631482 0.9726872352452816
vn 0.09629763747353119 -0.22682452400968575 0.9691632475103438
vn 0.0779891909424584 -0.6284151087389324 0.7739587438647985
vn 0.08288472956787729 -0.5250989240455707 0.8469954200411262
vn 0.01034947118884864 0.9958921139167828 0.0899543544497589
vn 0 1 0
vn 0 -1 0
vn 0.014676143505838788 -0.9966099323738395 0.08095216801054254
vn 0.17807106792940705 -0.36779609568796956 0.9126975001407457
vn 0.17980405740669275 0.40941158056326316 0.894456627590618
vn 0.132301730586487 0.7391031255348984 0.6604716662419099
vn 0.15414886550957813 0.6046704796777751 0.7814164947506289
vn 0.191090402180357 0.21124022888784977 0.9585729100563807
vn 0.19082874533483163 -0.22682434883628852 0.9550576447151908
vn 0.15347456939115434 -0.6284152272249091 0.7625876072570716
vn 0.16550515979853972 -0.525099230194043 0.8347926931458391
vn 0.019116690511469664 0.9958921142126741 0.08850677371195195
vn 0 1 0
vn 0 -1 0
vn 0.022540152209546832 -0.9966099322652899 0.0791238551168016
vn 0.26667319976865667 -0.36779635108255165 0.8908486115247116
vn 0.26661018170132966 0.4094117679051489 0.8725256530979273
vn 0.1964018857406182 0.7391030438836571 0.6443236685078719
vn 0.22999862290573173 0.6046704769319384 0.7625445874100539
vn 0.28412703246449666 0.21124042992002354 0.9352268763193894
vn 0.28352183142010684 -0.22682440311674673 0.9317542923211677
vn 0.22748220411612685 -0.6284154180357007 0.7438722398271658
vn 0.2465327133807287 -0.5250989900680146 0.8145505950293613
vn 0.027699882325606773 0.9958921132754807 0.08620681663792563
vn 0 1 0
vn 0 -1 0
vn 0.03018709103370614 -0.9966099319976188 0.07653354152673328
vn 0.35270768750272435 -0.3677962756501982 0.8604203547071185
vn 0.3508488425585768 0.40941162610459575 0.8421919081098427
vn 0.25861099594840503 0.73910308548601 0.6219702418923542
vn 0.30363377247933393 0.6046706302486763 0.7363287045366605
vn 0.374427172098728 0.2112404122362396 0.9028741778522703
vn 0.373484573380888 -0.22682450205950158 0.8994775809946323
vn 0.29929926088698755 -0.628415267586356 0.7179931781687564
vn 0.3251855955915475 -0.5250987984770584 0.7864639726381114
vn 0.03601620745473699 0.9958921148521571 0.08307664157797373
vn 0 1 0
vn 0 -1 0
vn 0.037543338026469794 -0.9966099324436957 0.07320614949853947
vn 0.43534517264472317 -0.36779618243191814 0.8217058773329076
vn 0.4317085752824843 0.40941163991158436 0.8037473577763568
vn 0.3183295145665384 0.7391032015192524 0.593626799984488
vn 0.374344312032839 0.6046705727780588 0.7030219302873238
vn 0.46112092670982985 0.2112404524918744 0.8618265267333652
vn 0.4598499942706681 -0.22682454225512147 0.8585386478196663
vn 0.3682333253272298 -0.6284152903466336 0.6851995628844247
vn 0.4007062251502757 -0.525098911424284 0.7508033393285146
vn 0.0439856986448018 0.9958921136604599 0.07914642293641863
vn 0 1 0
vn 0 -1 0
vn 0.04453801395361521 -0.9966099333070567 0.06917373885205015
vn 0.5137900583538597 -0.3677963821883886 0.7750778007309137
vn 0.5084108009686616 0.4094118391717445 0.7575621449124907
vn 0.37498226464272943 0.7391031325820924 0.5595666721765585
vn 0.4414500093126445 0.604670478009655 0.6629445695542285
vn 0.5433744312995812 0.21124044530606628 0.8124787392152187
vn 0.5417873189551 -0.22682453382954718 0.8093312868488733
vn 0.43362171187497317 -0.6284152375107139 0.6458068598698614
vn 0.47236855002419903 -0.5250988732082288 0.7079118068682596
vn 0.051531616909528094 0.9958921135001629 0.0744539503778547
vn 0 1 0
vn 0 -1 0
vn 0.05110377103590269 -0.9966099321332167 0.06447517165029593
vn 0.5872869664561879 -0.36779652129139867 0.7209852550202633
vn 0.5802168272530416 0.4094120279892017 0.7040811208306775
vn 0.4280237887693108 0.7391031443465329 0.5201174658330869
vn 0.5043043520024625 0.6046704680860012 0.6164825590201498
vn 0.6203947615516666 0.21124030486938453 0.7553064764967532
vn 0.6185067911932879 -0.22682450784553307 0.7523297095611833
vn 0.4948337980947714 -0.6284152280518104 0.6001948128863612
vn 0.5394814004391125 -0.5250989784955213 0.6582027661467353
vn 0.05858124824058958 0.9958921128389141 0.06904445625695042
vn 0 1 0
vn 0 -1 0
vn 0.05717736889622804 -0.9966099322325427 0.05915565451883139
vn 0.6551280172895153 -0.3677964891457676 0.6599492583027543
vn 0.6464348479499513 0.40941190998891436 0.6438197537472365
vn 0.4769430661054875 0.7391031236453094 0.4756594205013113
vn 0.5623018207441592 0.6046704120421751 0.5640836420146834
vn 0.6914404703641653 0.21124033852855686 0.6908600403272163
vn 0.6892697702294399 -0.22682442903001918 0.6880827437474806
vn 0.5512805015131733 -0.6284151707611816 0.5488024979977578
vn 0.6013988947079107 -0.5250988685217216 0.6021549200341314
vn 0.06506669563477727 0.995892113937461 0.0629700128342548
vn 0 1 0
vn 0 -1 0
vn 0.06270028695426096 -0.996609933323248 0.05326645114219988
vn 0.716659661504985 -0.36779650860903124 0.5925577253116925
vn 0.7064275111201405 0.40941199461344835 0.5773577662067442
vn 0.5212692744899726 0.7391031563873394 0.4266202851376969
vn 0.6148840599134116 0.6046704467120588 0.5062521543039983
vn 0.7558271191246726 0.21124039317513912 0.6197603264867079
vn 0.7533947652535562 -0.22682438270259822 0.6172090627171027
vn 0.6024179045668157 -0.628415246036137 0.4921249300804302
vn 0.6575244006134828 -0.5250989148401172 0.5403080530878764
vn 0.07092551935695517 0.9958921143192806 0.05628914052123491
vn 0 1 0
vn 0 -1 0
vn 0.06761942095132638 -0.9966099315784033 0.04686425278928414
vn 0.7712898090648302 -0.3677962344287101 0.5194592961655408
vn 0.7596169547529689 0.4094119878377373 0.5053354393534837
vn 0.5605753727613959 0.739103028125594 0.37347284408508113
vn 0.6615445630339897 0.6046704664987333 0.44354528299190815
vn 0.8129348068538914 0.21124043826069913 0.5426918803970204
vn 0.8102639831565132 -0.22682453462426633 0.5403914396914766
vn 0.6477537845780436 -0.6284152957168737 0.4307078484006248
vn 0.7073178301984016 -0.5250988610554406 0.4732575125676341
vn 0.0761013035726026 0.9958921136637239 0.04906617507969389
vn 0 1 0
vn 0 -1 0
vn 0.07188729995296303 -0.9966099336339871 0.04001070216245494
vn 0.8184917026853029 -0.36779624465189964 0.44135842017035726
vn 0.8054907252074471 0.4094117844361684 0.4284468256033336
vn 0.5944827873510928 0.7391030289949855 0.31672847689103184
vn 0.7018340207628272 0.6046707014846736 0.3765665280742783
vn 0.8622134367135683 0.21124045646978 0.4603970667815083
vn 0.8593300335147446 -0.22682453043076098 0.45836942076715
vn 0.6868514958632961 -0.628415281416008 0.3651427894854176
vn 0.7502992673870952 -0.5250988549909099 0.401649351855102
vn 0.08054418170382027 0.9958921141109169 0.041370664067072536
vn 0 1 0
vn 0 -1 0
vn 0.07546289309594427 -0.9966099320925975 0.032771863236295405
vn 0.8578110761212637 -0.3677963242654511 0.35900699372087824
vn 0.8436072202749223 0.4094116260654704 0.3474319765687178
vn 0.6226649750013925 0.7391031229688881 0.25693365393453604
vn 0.7353644963389591 0.6046705838984291 0.3059616683378522
vn 0.9031882963809462 0.21124041271536792 0.37366882304565463
vn 0.9001200322324895 -0.22682451022177488 0.37193355473314593
vn 0.719334334796237 -0.6284152014784481 0.296061563418923
vn 0.7860547463230884 -0.5250989304951329 0.3261733419147139
vn 0.08421137224646057 0.9958921123048446 0.033276800227225636
vn 0 1 0
vn 0 -1 0
vn 0.07831171204815689 -0.9966099325664635 0.02521741592541866
vn 0.888869340183075 -0.3677962699684178 0.2731980964059295
vn 0.873599333525274 0.40941175025153576 0.26307075706009436
vn 0.644850678243464 0.7391030272057623 0.19466462941228646
vn 0.7618130391486652 0.6046705203115501 0.2324101014354443
vn 0.9354651937424926 0.21124031622797845 0.28334149024847066
vn 0.9322415657008786 -0.22682453854302576 0.2819153984696791
vn 0.7448896645467307 -0.6284152167923331 0.22412876423008238
vn 0.8142401570654652 -0.5250990387303204 0.24755598588299252
vn 0.0870675451202057 0.9958921150348674 0.024862377161471803
vn 0 1 0
vn 0 -1 0
vn 0.08040636822712849 -0.9966099317809077 0.01742009828267469
vn 0.9113673659918088 -0.3677960373395322 0.1847582180107006
vn 0.8951781351287313 0.409411637108682 0.1761766664102704
vn 0.6608259693875138 0.7391030210257211 0.13052111895668544
vn 0.7809248336518297 0.6046705663844432 0.15662027433949494
vn 0.9587330085795794 0.21124024388809082 0.19028551605954597
vn 0.9553852112005861 -0.22682431413121185 0.18918199898012775
vn 0.763271218384434 -0.6284152913216778 0.15003755802808927
vn 0.8345841283152688 -0.5250991058421199 0.16655408073070144
vn 0.08908524427257633 0.9958921145323045 0.016208499784698013
vn 0 1 0
vn 0 -1 0
vn 0.08172665583254148 -0.996609931936905 0.009455014074406206
vn 0.9250882199015256 -0.3677962991009522 0.09453923929813456
vn 0.9081359563051119 0.4094115521558171 0.08758576269671128
vn 0.6704370939942631 0.7391031345275121 0.06512034649887793
vn 0.7925159230490907 0.6046705762176124 0.07932216569350739
vn 0.9727676690121714 0.21124042959971753 0.09539676633488954
vn 0.969327830655219 -0.22682439334355348 0.09462690580155463
vn 0.7743021168529678 -0.6284152799475171 0.07450146149906495
vn 0.846890677411277 -0.525098853734132 0.0839486409715417
vn 0.09024499409431957 0.9958921133007713 0.0073986286729374575
vn 0 1 0
vn 0 -1 0
vn 0.08225985674686256 -0.9966099332798425 0.001398876668544974
vn 0.9299000992403474 -0.3677963870848139 0.0034092638721288228
vn 0.912347869498933 0.4094117059011495 -0.0018493490391503766
vn 0.6735916680579402 0.7391031326135313 -0.0009077906071274048
vn 0.7964745771655725 0.60467070429872 0.0012598776975514358
vn 0.9774340363516912 0.21124046981199854 -0.0004104812385081709
vn 0.9739352661284664 -0.22682458620199578 -0.0008393363847333782
vn 0.777876041337925 -0.6284153042008802 -0.0017520726452284088
vn 0.8510410285211272 -0.5250989257659943 0.0005347271277089886
vn 0.09053562638648835 0.9958921137687912 -0.0014825950004549926
vn 0 1 0
vn 0 -1 0
vn 0.08200087450325494 -0.9966099325478895 -0.00667075165123841
vn 0.9257565943696023 -0.3677961610511148 -0.08775370019126309
vn 0.9077734228066475 0.40941160362130835 -0.09126637752278997
vn 0.6702592249721997 0.7391030652598036 -0.0669270518043996
vn 0.792762864180939 0.6046706351295409 -0.0768144790236299
vn 0.9726872352452816 0.21124031940631482 -0.09621366767776997
vn 0.9691632475103438 -0.22682452400968575 -0.09629763747353119
vn 0.7739587438647985 -0.6284151087389324 -0.0779891909424584
vn 0.8469954200411262 -0.5250989240455707 -0.08288472956787729
vn 0.08995435444975891 0.995892113916783 -0.010349471188848642
vn 0 1 0
vn 0 -1 0
vn 0.08095216801054254 -0.9966099323738395 -0.014676143505838788
vn 0.9126975001407457 -0.36779609568796956 -0.17807106792940705
vn 0.894456627590618 0.40941158056326316 -0.17980405740669275
vn 0.6604716662419099 0.7391031255348984 -0.132301730586487
vn 0.7814164947506289 0.6046704796777751 -0.15414886550957813
vn 0.9585729100563807 0.21124022888784977 -0.191090402180357
vn 0.9550576447151908 -0.22682434883628852 -0.19082874533483163
vn 0.7625876072570716 -0.6284152272249091 -0.15347456939115434
vn 0.8347926931458391 -0.525099230194043 -0.16550515979853972
vn 0.08850677371195195 0.9958921142126741 -0.019116690511469664
vn 0 1 0
vn 0 -1 0
vn 0.0791238551168016 -0.9966099322652899 -0.022540152209546832
vn 0.8908486115247116 -0.36779635108255165 -0.26667319976865667
vn 0.8725256530979273 0.4094117679051489 -0.26661018170132966
vn 0.6443236685078719 0.7391030438836571 -0.1964018857406182
vn 0.7625445874100539 0.6046704769319384 -0.22999862290573173
vn 0.9352268763193894 0.21124042992002354 -0.28412703246449666
vn 0.9317542923211677 -0.22682440311674673 -0.28352183142010684
vn 0.7438722398271658 -0.6284154180357007 -0.22748220411612685
vn 0.8145505950293613 -0.5250989900680146 -0.2465327133807287
vn 0.08620681663792563 0.9958921132754807 -0.027699882325606773
vn 0 1 0
vn 0 -1 0
vn 0.07653354152673328 -0.9966099319976188 -0.03018709103370614
vn 0.8604203547071185 -0.3677962756501982 -0.35270768750272435
vn 0.8421919081098427 0.40941162610459575 -0.3508488425585768
vn 0.6219702418923542 0.73910308548601 -0.25861099594840503
vn 0.7363287045366605 0.6046706302486763 -0.30363377247933393
vn 0.9028741778522703 0.2112404122362396 -0.374427172098728
vn 0.8994775809946323 -0.22682450205950158 -0.373484573380888
vn 0.7179931781687564 -0.628415267586356 -0.29929926088698755
vn 0.7864639726381114 -0.5250987984770584 -0.3251855955915475
vn 0.08307664157797373 0.9958921148521571 -0.03601620745473699
vn 0 1 0
vn 0 -1 0
vn 0.07320614949853949 -0.9966099324436959 -0.03754333802646981
vn 0.8217058773329076 -0.36779618243191814 -0.43534517264472317
vn 0.8037473577763568 0.40941163991158436 -0.4317085752824843
vn 0.593626799984488 0.7391032015192524 -0.3183295145665384
vn 0.7030219302873238 0.6046705727780588 -0.374344312032839
vn 0.8618265267333652 0.2112404524918744 -0.46112092670982985
vn 0.8585386478196663 -0.22682454225512147 -0.4598499942706681
vn 0.6851995628844247 -0.6284152903466336 -0.3682333253272298
vn 0.7508033393285146 -0.525098911424284 -0.4007062251502757
vn 0.07914642293641863 0.9958921136604599 -0.0439856986448018
vn 0 1 0
vn 0 -1 0
vn 0.06917373885205015 -0.9966099333070567 -0.04453801395361521
vn 0.7750778007309137 -0.3677963821883886 -0.5137900583538597
vn 0.7575621449124907 0.4094118391717445 -0.5084108009686616
vn 0.5595666721765585 0.7391031325820924 -0.37498226464272943
vn 0.6629445695542285 0.604670478009655 -0.4414500093126445
vn 0.8124787392152187 0.21124044530606628 -0.5433744312995812
vn 0.8093312868488733 -0.22682453382954718 -0.5417873189551
vn 0.6458068598698614 -0.6284152375107139 -0.43362171187497317
vn 0.7079118068682596 -0.5250988732082288 -0.47236855002419903
vn 0.0744539503778547 0.9958921135001629 -0.051531616909528094
vn 0 1 0
vn 0 -1 0
vn 0.06447517165029593 -0.9966099321332167 -0.05110377103590269
vn 0.7209852550202633 -0.36779652129139867 -0.5872869664561879
vn 0.7040811208306775 0.4094120279892017 -0.5802168272530416
vn 0.5201174658330869 0.7391031443465329 -0.4280237887693108
vn 0.6164825590201498 0.6046704680860012 -0.5043043520024625
vn 0.7553064764967532 0.21124030486938453 -0.6203947615516666
vn 0.7523297095611833 -0.22682450784553307 -0.6185067911932879
vn 0.6001948128863612 -0.6284152280518104 -0.4948337980947714
vn 0.6582027661467353 -0.5250989784955213 -0.5394814004391125
vn 0.06904445625695042 0.9958921128389141 -0.05858124824058958
vn 0 1 0
vn 0 -1 0
vn 0.05915565451883139 -0.9966099322325427 -0.05717736889622804
vn 0.6599492583027543 -0.3677964891457676 -0.6551280172895153
vn 0.6438197537472365 0.40941190998891436 -0.6464348479499513
vn 0.4756594205013113 0.7391031236453094 -0.4769430661054875
vn 0.5640836420146834 0.6046704120421751 -0.5623018207441592
vn 0.6908600403272163 0.21124033852855686 -0.6914404703641653
vn 0.6880827437474806 -0.22682442903001918 -0.6892697702294399
vn 0.5488024979977578 -0.6284151707611816 -0.5512805015131733
vn 0.6021549200341314 -0.5250988685217216 -0.6013988947079107
vn 0.0629700128342548 0.995892113937461 -0.06506669563477727
vn 0 1 0
vn 0 -1 0
vn 0.05326645114219988 -0.996609933323248 -0.06270028695426096
vn 0.5925577253116925 -0.36779650860903124 -0.716659661504985
vn 0.5773577662067442 0.40941199461344835 -0.7064275111201405
vn 0.4266202851376969 0.7391031563873394 -0.5212692744899726
vn 0.5062521543039983 0.6046704467120588 -0.6148840599134116
vn 0.6197603264867079 0.21124039317513912 -0.7558271191246726
vn 0.6172090627171027 -0.22682438270259822 -0.7533947652535562
vn 0.4921249300804302 -0.628415246036137 -0.6024179045668157
vn 0.5403080530878764 -0.5250989148401172 -0.6575244006134828
vn 0.05628914052123491 0.9958921143192806 -0.07092551935695517
vn 0 1 0
vn 0 -1 0
vn 0.046864252789284126 -0.996609931578403 -0.06761942095132636
vn 0.5194592961655408 -0.3677962344287101 -0.7712898090648302
vn 0.5053354393534837 0.4094119878377373 -0.7596169547529689
vn 0.37347284408508113 0.739103028125594 -0.5605753727613959
vn 0.44354528299190815 0.6046704664987333 -0.6615445630339897
vn 0.5426918803970204 0.21124043826069913 -0.8129348068538914
vn 0.5403914396914766 -0.22682453462426633 -0.8102639831565132
vn 0.4307078484006248 -0.6284152957168737 -0.6477537845780436
vn 0.4732575125676341 -0.5250988610554406 -0.7073178301984016
vn 0.04906617507969389 0.9958921136637239 -0.0761013035726026
vn 0 1 0
vn 0 -1 0
vn 0.04001070216245494 -0.9966099336339871 -0.07188729995296303
vn 0.44135842017035726 -0.36779624465189964 -0.8184917026853029
vn 0.4284468256033336 0.4094117844361684 -0.8054907252074471
vn 0.31672847689103184 0.7391030289949855 -0.5944827873510928
vn 0.3765665280742783 0.6046707014846736 -0.7018340207628272
vn 0.4603970667815083 0.21124045646978 -0.8622134367135683
vn 0.45836942076715 -0.22682453043076098 -0.8593300335147446
vn 0.3651427894854176 -0.628415281416008 -0.6868514958632961
vn 0.401649351855102 -0.5250988549909099 -0.7502992673870952
vn 0.041370664067072536 0.9958921141109169 -0.08054418170382027
vn 0 1 0
vn 0 -1 0
vn 0.032771863236295405 -0.9966099320925975 -0.07546289309594427
vn 0.35900699372087824 -0.3677963242654511 -0.8578110761212637
vn 0.3474319765687178 0.4094116260654704 -0.8436072202749223
vn 0.25693365393453604 0.7391031229688881 -0.6226649750013925
vn 0.3059616683378522 0.6046705838984291 -0.7353644963389591
vn 0.37366882304565463 0.21124041271536792 -0.9031882963809462
vn 0.37193355473314593 -0.22682451022177488 -0.9001200322324895
vn 0.296061563418923 -0.6284152014784481 -0.719334334796237
vn 0.3261733419147139 -0.5250989304951329 -0.7860547463230884
vn 0.033276800227225636 0.9958921123048446 -0.08421137224646057
vn 0 1 0
vn 0 -1 0
vn 0.02521741592541866 -0.9966099325664635 -0.07831171204815689
vn 0.2731980964059295 -0.3677962699684178 -0.888869340183075
vn 0.26307075706009436 0.40941175025153576 -0.873599333525274
vn 0.19466462941228646 0.7391030272057623 -0.644850678243464
vn 0.2324101014354443 0.6046705203115501 -0.7618130391486652
vn 0.28334149024847066 0.21124031622797845 -0.9354651937424926
vn 0.2819153984696791 -0.22682453854302576 -0.9322415657008786
vn 0.22412876423008238 -0.6284152167923331 -0.7448896645467307
vn 0.24755598588299252 -0.5250990387303204 -0.8142401570654652
vn 0.024862377161471803 0.9958921150348674 -0.0870675451202057
vn 0 1 0
vn 0 -1 0
vn 0.01742009828267469 -0.9966099317809077 -0.08040636822712849
vn 0.1847582180107006 -0.3677960373395322 -0.9113673659918088
vn 0.1761766664102704 0.409411637108682 -0.8951781351287313
vn 0.13052111895668544 0.7391030210257211 -0.6608259693875138
vn 0.15662027433949494 0.6046705663844432 -0.7809248336518297
vn 0.19028551605954597 0.21124024388809082 -0.9587330085795794
vn 0.18918199898012775 -0.22682431413121185 -0.9553852112005861
vn 0.15003755802808927 -0.6284152913216778 -0.763271218384434
vn 0.16655408073070144 -0.5250991058421199 -0.8345841283152688
vn 0.016208499784698013 0.9958921145323045 -0.08908524427257633
vn 0 1 0
vn 0 -1 0
vn 0.009455014074406206 -0.996609931936905 -0.08172665583254148
vn 0.09453923929813456 -0.3677962991009522 -0.9250882199015256
vn 0.08758576269671128 0.4094115521558171 -0.9081359563051119
vn 0.06512034649887793 0.7391031345275121 -0.6704370939942631
vn 0.07932216569350739 0.6046705762176124 -0.7925159230490907
vn 0.09539676633488954 0.21124042959971753 -0.9727676690121714
vn 0.09462690580155463 -0.22682439334355348 -0.969327830655219
vn 0.07450146149906495 -0.6284152799475171 -0.7743021168529678
vn 0.0839486409715417 -0.525098853734132 -0.846890677411277
vn 0.0073986286729374575 0.9958921133007713 -0.09024499409431957
vn 0 1 0
vn 0 -1 0
vn 0.0013988766685449738 -0.9966099332798423 -0.08225985674686255
vn 0.0034092638721288228 -0.3677963870848139 -0.9299000992403474
vn -0.0018493490391503766 0.4094117059011495 -0.912347869498933
vn -0.0009077906071274048 0.7391031326135313 -0.6735916680579402
vn 0.0012598776975514358 0.60467070429872 -0.7964745771655725
vn -0.0004104812385081709 0.21124046981199854 -0.9774340363516912
vn -0.0008393363847333782 -0.22682458620199578 -0.9739352661284664
vn -0.0017520726452284088 -0.6284153042008802 -0.777876041337925
vn 0.0005347271277089886 -0.5250989257659943 -0.8510410285211272
vn -0.0014825950004549926 0.9958921137687912 -0.09053562638648835
vn 0 1 0
vn 0 -1 0
vn -0.00667075165123841 -0.9966099325478895 -0.08200087450325494
vn -0.08775370019126309 -0.3677961610511148 -0.9257565943696023
vn -0.09126637752278997 0.40941160362130835 -0.9077734228066475
vn -0.0669270518043996 0.7391030652598036 -0.6702592249721997
vn -0.0768144790236299 0.6046706351295409 -0.792762864180939
vn -0.09621366767776997 0.21124031940631482 -0.9726872352452816
vn -0.09629763747353119 -0.22682452400968575 -0.9691632475103438
vn -0.0779891909424584 -0.6284151087389324 -0.7739587438647985
vn -0.08288472956787729 -0.5250989240455707 -0.8469954200411262
vn -0.01034947118884864 0.9958921139167828 -0.0899543544497589
vn 0 1 0
vn 0 -1 0
vn -0.014676143505838788 -0.9966099323738395 -0.08095216801054254
vn -0.17807106792940705 -0.36779609568796956 -0.9126975001407457
vn -0.17980405740669275 0.40941158056326316 -0.894456627590618
vn -0.132301730586487 0.7391031255348984 -0.6604716662419099
vn -0.15414886550957813 0.6046704796777751 -0.7814164947506289
vn -0.191090402180357 0.21124022888784977 -0.9585729100563807
vn -0.19082874533483163 -0.22682434883628852 -0.9550576447151908
vn -0.15347456939115434 -0.6284152272249091 -0.7625876072570716
vn -0.16550515979853972 -0.525099230194043 -0.8347926931458391
vn -0.019116690511469664 0.9958921142126741 -0.08850677371195195
vn 0 1 0
vn 0 -1 0
vn -0.022540152209546832 -0.9966099322652899 -0.0791238551168016
vn -0.26667319976865667 -0.36779635108255165 -0.8908486115247116
vn -0.26661018170132966 0.4094117679051489 -0.8725256530979273
vn -0.1964018857406182 0.7391030438836571 -0.6443236685078719
vn -0.22999862290573173 0.6046704769319384 -0.7625445874100539
vn -0.28412703246449666 0.21124042992002354 -0.9352268763193894
vn -0.28352183142010684 -0.22682440311674673 -0.9317542923211677
vn -0.22748220411612685 -0.6284154180357007 -0.7438722398271658
vn -0.2465327133807287 -0.5250989900680146 -0.8145505950293613
vn -0.027699882325606773 0.9958921132754807 -0.08620681663792563
vn 0 1 0
vn 0 -1 0
vn -0.03018709103370614 -0.9966099319976188 -0.07653354152673328
vn -0.35270768750272435 -0.3677962756501982 -0.8604203547071185
vn -0.3508488425585768 0.40941162610459575 -0.8421919081098427
vn -0.25861099594840503 0.73910308548601 -0.6219702418923542
vn -0.30363377247933393 0.6046706302486763 -0.7363287045366605
vn -0.374427172098728 0.2112404122362396 -0.9028741778522703
vn -0.373484573380888 -0.22682450205950158 -0.8994775809946323
vn -0.29929926088698755 -0.628415267586356 -0.7179931781687564
vn -0.3251855955915475 -0.5250987984770584 -0.7864639726381114
vn -0.03601620745473699 0.9958921148521571 -0.08307664157797373
vn 0 1 0
vn 0 -1 0
vn -0.037543338026469794 -0.9966099324436957 -0.07320614949853947
vn -0.43534517264472317 -0.36779618243191814 -0.8217058773329076
vn -0.4317085752824843 0.40941163991158436 -0.8037473577763568
vn -0.3183295145665384 0.7391032015192524 -0.593626799984488
vn -0.374344312032839 0.6046705727780588 -0.7030219302873238
vn -0.46112092670982985 0.2112404524918744 -0.8618265267333652
vn -0.4598499942706681 -0.22682454225512147 -0.8585386478196663
vn -0.3682333253272298 -0.6284152903466336 -0.6851995628844247
vn -0.4007062251502757 -0.525098911424284 -0.7508033393285146
vn -0.0439856986448018 0.9958921136604599 -0.07914642293641863
vn 0 1 0
vn 0 -1 0
vn -0.04453801395361521 -0.9966099333070567 -0.06917373885205015
vn -0.5137900583538597 -0.3677963821883886 -0.7750778007309137
vn -0.5084108009686616 0.4094118391717445 -0.7575621449124907
vn -0.37498226464272943 0.7391031325820924 -0.5595666721765585
vn -0.4414500093126445 0.604670478009655 -0.6629445695542285
vn -0.5433744312995812 0.21124044530606628 -0.8124787392152187
vn -0.5417873189551 -0.22682453382954718 -0.8093312868488733
vn -0.43362171187497317 -0.6284152375107139 -0.6458068598698614
vn -0.47236855002419903 -0.5250988732082288 -0.7079118068682596
vn -0.051531616909528094 0.9958921135001629 -0.0744539503778547
vn 0 1 0
vn 0 -1 0
vn -0.05110377103590269 -0.9966099321332167 -0.06447517165029593
vn -0.5872869664561879 -0.36779652129139867 -0.7209852550202633
vn -0.5802168272530416 0.4094120279892017 -0.7040811208306775
vn -0.4280237887693108 0.7391031443465329 -0.5201174658330869
vn -0.5043043520024625 0.6046704680860012 -0.6164825590201498
vn -0.6203947615516666 0.21124030486938453 -0.7553064764967532
vn -0.6185067911932879 -0.22682450784553307 -0.7523297095611833
vn -0.4948337980947714 -0.6284152280518104 -0.6001948128863612
vn -0.5394814004391125 -0.5250989784955213 -0.6582027661467353
vn -0.05858124824058958 0.9958921128389141 -0.06904445625695042
vn 0 1 0
vn 0 -1 0
vn -0.05717736889622804 -0.9966099322325427 -0.05915565451883139
vn -0.6551280172895153 -0.3677964891457676 -0.6599492583027543
vn -0.6464348479499513 0.40941190998891436 -0.6438197537472365
vn -0.4769430661054875 0.7391031236453094 -0.4756594205013113
vn -0.5623018207441592 0.6046704120421751 -0.5640836420146834
vn -0.6914404703641653 0.21124033852855686 -0.6908600403272163
vn -0.6892697702294399 -0.22682442903001918 -0.6880827437474806
vn -0.5512805015131733 -0.6284151707611816 -0.5488024979977578
vn -0.6013988947079107 -0.5250988685217216 -0.6021549200341314
vn -0.06506669563477727 0.995892113937461 -0.0629700128342548
vn 0 1 0
vn 0 -1 0
vn -0.06270028695426096 -0.996609933323248 -0.05326645114219988
vn -0.716659661504985 -0.36779650860903124 -0.5925577253116925
vn -0.7064275111201405 0.40941199461344835 -0.5773577662067442
vn -0.5212692744899726 0.7391031563873394 -0.4266202851376969
vn -0.6148840599134116 0.6046704467120588 -0.5062521543039983
vn -0.7558271191246726 0.21124039317513912 -0.6197603264867079
vn -0.7533947652535562 -0.22682438270259822 -0.6172090627171027
vn -0.6024179045668157 -0.628415246036137 -0.4921249300804302
vn -0.6575244006134828 -0.5250989148401172 -0.5403080530878764
vn -0.07092551935695517 0.9958921143192806 -0.05628914052123491
vn 0 1 0
vn 0 -1 0
vn -0.06761942095132638 -0.9966099315784033 -0.04686425278928414
vn -0.7712898090648302 -0.3677962344287101 -0.5194592961655408
vn -0.7596169547529689 0.4094119878377373 -0.5053354393534837
vn -0.5605753727613959 0.739103028125594 -0.37347284408508113
vn -0.6615445630339897 0.6046704664987333 -0.44354528299190815
vn -0.8129348068538914 0.21124043826069913 -0.5426918803970204
vn -0.8102639831565132 -0.22682453462426633 -0.5403914396914766
vn -0.6477537845780436 -0.6284152957168737 -0.4307078484006248
vn -0.7073178301984016 -0.5250988610554406 -0.4732575125676341
vn -0.0761013035726026 0.9958921136637239 -0.04906617507969389
vn 0 1 0
vn 0 -1 0
vn -0.07188729995296303 -0.9966099336339871 -0.04001070216245494
vn -0.8184917026853029 -0.36779624465189964 -0.44135842017035726
vn -0.8054907252074471 0.4094117844361684 -0.4284468256033336
vn -0.5944827873510928 0.7391030289949855 -0.31672847689103184
vn -0.7018340207628272 0.6046707014846736 -0.3765665280742783
vn -0.8622134367135683 0.21124045646978 -0.4603970667815083
vn -0.8593300335147446 -0.22682453043076098 -0.45836942076715
vn -0.6868514958632961 -0.628415281416008 -0.3651427894854176
vn -0.7502992673870952 -0.5250988549909099 -0.401649351855102
vn -0.08054418170382027 0.9958921141109169 -0.041370664067072536
vn 0 1 0
vn 0 -1 0
vn -0.07546289309594427 -0.9966099320925975 -0.032771863236295405
vn -0.8578110761212637 -0.3677963242654511 -0.35900699372087824
vn -0.8436072202749223 0.4094116260654704 -0.3474319765687178
vn -0.6226649750013925 0.7391031229688881 -0.25693365393453604
vn -0.7353644963389591 0.6046705838984291 -0.3059616683378522
vn -0.9031882963809462 0.21124041271536792 -0.37366882304565463
vn -0.9001200322324895 -0.22682451022177488 -0.37193355473314593
vn -0.719334334796237 -0.6284152014784481 -0.296061563418923
vn -0.7860547463230884 -0.5250989304951329 -0.3261733419147139
vn -0.08421137224646057 0.9958921123048446 -0.033276800227225636
vn 0 1 0
vn 0 -1 0
vn -0.07831171204815689 -0.9966099325664635 -0.02521741592541866
vn -0.888869340183075 -0.3677962699684178 -0.2731980964059295
vn -0.873599333525274 0.40941175025153576 -0.26307075706009436
vn -0.644850678243464 0.7391030272057623 -0.19466462941228646
vn -0.7618130391486652 0.6046705203115501 -0.2324101014354443
vn -0.9354651937424926 0.21124031622797845 -0.28334149024847066
vn -0.9322415657008786 -0.22682453854302576 -0.2819153984696791
vn -0.7448896645467307 -0.6284152167923331 -0.22412876423008238
vn -0.8142401570654652 -0.5250990387303204 -0.24755598588299252
vn -0.0870675451202057 0.9958921150348674 -0.024862377161471803
vn 0 1 0
vn 0 -1 0
vn -0.08040636822712849 -0.9966099317809077 -0.01742009828267469
vn -0.9113673659918088 -0.3677960373395322 -0.1847582180107006
vn -0.8951781351287313 0.409411637108682 -0.1761766664102704
vn -0.6608259693875138 0.7391030210257211 -0.13052111895668544
vn -0.7809248336518297 0.6046705663844432 -0.15662027433949494
vn -0.9587330085795794 0.21124024388809082 -0.19028551605954597
vn -0.9553852112005861 -0.22682431413121185 -0.18918199898012775
vn -0.763271218384434 -0.6284152913216778 -0.15003755802808927
vn -0.8345841283152688 -0.5250991058421199 -0.16655408073070144
vn -0.08908524427257633 0.9958921145323045 -0.016208499784698013
vn 0 1 0
vn 0 -1 0
vn -0.08172665583254148 -0.996609931936905 -0.009455014074406206
vn -0.9250882199015256 -0.3677962991009522 -0.09453923929813456
vn -0.9081359563051119 0.4094115521558171 -0.08758576269671128
vn -0.6704370939942631 0.7391031345275121 -0.06512034649887793
vn -0.7925159230490907 0.6046705762176124 -0.07932216569350739
vn -0.9727676690121714 0.21124042959971753 -0.09539676633488954
vn -0.969327830655219 -0.22682439334355348 -0.09462690580155463
vn -0.7743021168529678 -0.6284152799475171 -0.07450146149906495
vn -0.846890677411277 -0.525098853734132 -0.0839486409715417
vn -0.09024499409431957 0.9958921133007713 -0.0073986286729374575
vn 0 1 0
vn 0 -1 0
vn -0.08225985674686256 -0.9966099332798425 -0.001398876668544974
vn -0.9299000992403474 -0.3677963870848139 -0.0034092638721288228
vn -0.912347869498933 0.4094117059011495 0.0018493490391503766
vn -0.6735916680579402 0.7391031326135313 0.0009077906071274048
vn -0.7964745771655725 0.60467070429872 -0.0012598776975514358
vn -0.9774340363516912 0.21124046981199854 0.0004104812385081709
vn -0.9739352661284664 -0.22682458620199578 0.0008393363847333782
vn -0.777876041337925 -0.6284153042008802 0.0017520726452284088
vn -0.8510410285211272 -0.5250989257659943 -0.0005347271277089886
vn -0.09053562638648835 0.9958921137687912 0.0014825950004549926
vn 0 1 0
vn 0 -1 0
vn -0.08200087450325494 -0.9966099325478895 0.00667075165123841
vn -0.9257565943696023 -0.3677961610511148 0.08775370019126309
vn -0.9077734228066475 0.40941160362130835 0.09126637752278997
vn -0.6702592249721997 0.7391030652598036 0.0669270518043996
vn -0.792762864180939 0.6046706351295409 0.0768144790236299
vn -0.9726872352452816 0.21124031940631482 0.09621366767776997
vn -0.9691632475103438 -0.22682452400968575 0.09629763747353119
vn -0.7739587438647985 -0.6284151087389324 0.0779891909424584
vn -0.8469954200411262 -0.5250989240455707 0.08288472956787729
vn -0.08995435444975891 0.995892113916783 0.010349471188848642
vn 0 1 0
vn 0 -1 0
vn -0.08095216801054254 -0.9966099323738395 0.014676143505838788
vn -0.9126975001407457 -0.36779609568796956 0.17807106792940705
vn -0.894456627590618 0.40941158056326316 0.17980405740669275
vn -0.6604716662419099 0.7391031255348984 0.132301730586487
vn -0.7814164947506289 0.6046704796777751 0.15414886550957813
vn -0.9585729100563807 0.21124022888784977 0.191090402180357
vn -0.9550576447151908 -0.22682434883628852 0.19082874533483163
vn -0.7625876072570716 -0.6284152272249091 0.15347456939115434
vn -0.8347926931458391 -0.525099230194043 0.16550515979853972
vn -0.08850677371195195 0.9958921142126741 0.019116690511469664
vn 0 1 0
vn 0 -1 0
vn -0.0791238551168016 -0.9966099322652899 0.022540152209546832
vn -0.8908486115247116 -0.36779635108255165 0.26667319976865667
vn -0.8725256530979273 0.4094117679051489 0.26661018170132966
vn -0.6443236685078719 0.7391030438836571 0.1964018857406182
vn -0.7625445874100539 0.6046704769319384 0.22999862290573173
vn -0.9352268763193894 0.21124042992002354 0.28412703246449666
vn -0.9317542923211677 -0.22682440311674673 0.28352183142010684
vn -0.7438722398271658 -0.6284154180357007 0.22748220411612685
vn -0.8145505950293613 -0.5250989900680146 0.2465327133807287
vn -0.08620681663792563 0.9958921132754807 0.027699882325606773
vn 0 1 0
vn 0 -1 0
vn -0.07653354152673328 -0.9966099319976188 0.03018709103370614
vn -0.8604203547071185 -0.3677962756501982 0.35270768750272435
vn -0.8421919081098427 0.40941162610459575 0.3508488425585768
vn -0.6219702418923542 0.73910308548601 0.25861099594840503
vn -0.7363287045366605 0.6046706302486763 0.30363377247933393
vn -0.9028741778522703 0.2112404122362396 0.374427172098728
vn -0.8994775809946323 -0.22682450205950158 0.373484573380888
vn -0.7179931781687564 -0.628415267586356 0.29929926088698755
vn -0.7864639726381114 -0.5250987984770584 0.3251855955915475
vn -0.08307664157797373 0.9958921148521571 0.03601620745473699
vn 0 1 0
vn 0 -1 0
vn -0.07320614949853949 -0.9966099324436959 0.03754333802646981
vn -0.8217058773329076 -0.36779618243191814 0.43534517264472317
vn -0.8037473577763568 0.40941163991158436 0.4317085752824843
vn -0.593626799984488 0.7391032015192524 0.3183295145665384
vn -0.7030219302873238 0.6046705727780588 0.374344312032839
vn -0.8618265267333652 0.2112404524918744 0.46112092670982985
vn -0.8585386478196663 -0.22682454225512147 0.4598499942706681
vn -0.6851995628844247 -0.6284152903466336 0.3682333253272298
vn -0.7508033393285146 -0.525098911424284 0.4007062251502757
vn -0.07914642293641863 0.9958921136604599 0.0439856986448018
vn 0 1 0
vn 0 -1 0
vn -0.06917373885205015 -0.9966099333070567 0.04453801395361521
vn -0.7750778007309137 -0.3677963821883886 0.5137900583538597
vn -0.7575621449124907 0.4094118391717445 0.5084108009686616
vn -0.5595666721765585 0.7391031325820924 0.37498226464272943
vn -0.6629445695542285 0.604670478009655 0.4414500093126445
vn -0.8124787392152187 0.21124044530606628 0.5433744312995812
vn -0.8093312868488733 -0.22682453382954718 0.5417873189551
vn -0.6458068598698614 -0.6284152375107139 0.43362171187497317
vn -0.7079118068682596 -0.5250988732082288 0.47236855002419903
vn -0.0744539503778547 0.9958921135001629 0.051531616909528094
vn 0 1 0
vn 0 -1 0
vn -0.06447517165029593 -0.9966099321332167 0.05110377103590269
vn -0.7209852550202633 -0.36779652129139867 0.5872869664561879
vn -0.7040811208306775 0.4094120279892017 0.5802168272530416
vn -0.5201174658330869 0.7391031443465329 0.4280237887693108
vn -0.6164825590201498 0.6046704680860012 0.5043043520024625
vn -0.7553064764967532 0.21124030486938453 0.6203947615516666
vn -0.7523297095611833 -0.22682450784553307 0.6185067911932879
vn -0.6001948128863612 -0.6284152280518104 0.4948337980947714
vn -0.6582027661467353 -0.5250989784955213 0.5394814004391125
vn -0.06904445625695042 0.9958921128389141 0.05858124824058958
vn 0 1 0
vn 0 -1 0
vn -0.05915565451883139 -0.9966099322325427 0.05717736889622804
vn -0.6599492583027543 -0.3677964891457676 0.6551280172895153
vn -0.6438197537472365 0.40941190998891436 0.6464348479499513
vn -0.4756594205013113 0.7391031236453094 0.4769430661054875
vn -0.5640836420146834 0.6046704120421751 0.5623018207441592
vn -0.6908600403272163 0.21124033852855686 0.6914404703641653
vn -0.6880827437474806 -0.22682442903001918 0.6892697702294399
vn -0.5488024979977578 -0.6284151707611816 0.5512805015131733
vn -0.6021549200341314 -0.5250988685217216 0.6013988947079107
vn -0.0629700128342548 0.995892113937461 0.06506669563477727
vn 0 1 0
vn 0 -1 0
vn -0.05326645114219988 -0.996609933323248 0.06270028695426096
vn -0.5925577253116925 -0.36779650860903124 0.716659661504985
vn -0.5773577662067442 0.40941199461344835 0.7064275111201405
vn -0.4266202851376969 0.7391031563873394 0.5212692744899726
vn -0.5062521543039983 0.6046704467120588 0.6148840599134116
vn -0.6197603264867079 0.21124039317513912 0.7558271191246726
vn -0.6172090627171027 -0.22682438270259822 0.7533947652535562
vn -0.4921249300804302 -0.628415246036137 0.6024179045668157
vn -0.5403080530878764 -0.5250989148401172 0.6575244006134828
vn -0.05628914052123491 0.9958921143192806 0.07092551935695517
vn 0 1 0
vn 0 -1 0
vn -0.046864252789284126 -0.996609931578403 0.06761942095132636
vn -0.5194592961655408 -0.3677962344287101 0.7712898090648302
vn -0.5053354393534837 0.4094119878377373 0.7596169547529689
vn -0.37347284408508113 0.739103028125594 0.5605753727613959
vn -0.44354528299190815 0.6046704664987333 0.6615445630339897
vn -0.5426918803970204 0.21124043826069913 0.8129348068538914
vn -0.5403914396914766 -0.22682453462426633 0.8102639831565132
vn -0.4307078484006248 -0.6284152957168737 0.6477537845780436
vn -0.4732575125676341 -0.5250988610554406 0.7073178301984016
vn -0.04906617507969389 0.9958921136637239 0.0761013035726026
vn 0 1 0
vn 0 -1 0
vn -0.04001070216245494 -0.9966099336339871 0.07188729995296303
vn -0.44135842017035726 -0.36779624465189964 0.8184917026853029
vn -0.4284468256033336 0.4094117844361684 0.8054907252074471
vn -0.31672847689103184 0.7391030289949855 0.5944827873510928
vn -0.3765665280742783 0.6046707014846736 0.7018340207628272
vn -0.4603970667815083 0.21124045646978 0.8622134367135683
vn -0.45836942076715 -0.22682453043076098 0.8593300335147446
vn -0.3651427894854176 -0.628415281416008 0.6868514958632961
vn -0.401649351855102 -0.5250988549909099 0.7502992673870952
vn -0.041370664067072536 0.9958921141109169 0.08054418170382027
vn 0 1 0
vn 0 -1 0
vn -0.032771863236295405 -0.9966099320925975 0.07546289309594427
vn -0.35900699372087824 -0.3677963242654511 0.8578110761212637
vn -0.3474319765687178 0.4094116260654704 0.8436072202749223
vn -0.25693365393453604 0.7391031229688881 0.6226649750013925
vn -0.3059616683378522 0.6046705838984291 0.7353644963389591
vn -0.37366882304565463 0.21124041271536792 0.9031882963809462
vn -0.37193355473314593 -0.22682451022177488 0.9001200322324895
vn -0.296061563418923 -0.6284152014784481 0.719334334796237
vn -0.3261733419147139 -0.5250989304951329 0.7860547463230884
vn -0.033276800227225636 0.9958921123048446 0.08421137224646057
vn 0 1 0
vn 0 -1 0
vn -0.02521741592541866 -0.9966099325664635 0.07831171204815689
vn -0.2731980964059295 -0.3677962699684178 0.888869340183075
vn -0.26307075706009436 0.40941175025153576 0.873599333525274
vn -0.19466462941228646 0.7391030272057623 0.644850678243464
vn -0.2324101014354443 0.6046705203115501 0.7618130391486652
vn -0.28334149024847066 0.21124031622797845 0.9354651937424926
vn -0.2819153984696791 -0.22682453854302576 0.9322415657008786
vn -0.22412876423008238 -0.6284152167923331 0.7448896645467307
vn -0.24755598588299252 -0.5250990387303204 0.8142401570654652
vn -0.024862377161471803 0.9958921150348674 0.0870675451202057
vn 0 1 0
vn 0 -1 0
vn -0.01742009828267469 -0.9966099317809077 0.08040636822712849
vn -0.1847582180107006 -0.3677960373395322 0.9113673659918088
vn -0.1761766664102704 0.409411637108682 0.8951781351287313
vn -0.13052111895668544 0.7391030210257211 0.6608259693875138
vn -0.15662027433949494 0.6046705663844432 0.7809248336518297
vn -0.19028551605954597 0.21124024388809082 0.9587330085795794
vn -0.18918199898012775 -0.22682431413121185 0.9553852112005861
vn -0.15003755802808927 -0.6284152913216778 0.763271218384434
vn -0.16655408073070144 -0.5250991058421199 0.8345841283152688
vn -0.016208499784698013 0.9958921145323045 0.08908524427257633
vn 0 1 0
vn 0 -1 0
vn -0.009455014074406206 -0.996609931936905 0.08172665583254148
vn -0.09453923929813456 -0.3677962991009522 0.9250882199015256
vn -0.08758576269671128 0.4094115521558171 0.9081359563051119
vn -0.06512034649887793 0.7391031345275121 0.6704370939942631
vn -0.07932216569350739 0.6046705762176124 0.7925159230490907
vn -0.09539676633488954 0.21124042959971753 0.9727676690121714
vn -0.09462690580155463 -0.22682439334355348 0.969327830655219
vn -0.07450146149906495 -0.6284152799475171 0.7743021168529678
vn -0.0839486409715417 -0.525098853734132 0.846890677411277
vn -0.0073986286729374575 0.9958921133007713 0.09024499409431957
vn 0 1 0
vn 0 -1 0
vn -0.005276160736824645 -0.9942020691889589 0.10739836008185485
vn -0.04760637600300395 -0.24226074396317518 0.9690424990155332
vn -0.04177873525961558 0.5244394470884914 0.850422132600995
vn -0.0325191907586735 0.7488466329712821 0.6619450298325193
vn -0.041430197101621 0.5357910919000625 0.8433335310591294
vn -0.04857528605701168 0.1412545598422362 0.9887808609132034
vn -0.04675510166527103 -0.3033632644733947 0.9517272141933925
vn -0.03584508702988142 -0.6828904948261788 0.7296408032805435
vn -0.04530185945084739 -0.3842206691904842 0.9221291769037092
vn -0.0029719545603262543 0.9981640893254212 0.06049477884283932
vn 0 0 0
f 1/1/1 13/13/13 2/2/2
f 14/14/14 2/2/2 13/13/13
f 2/2/2 14/14/14 3/3/3
f 15/15/15 3/3/3 14/14/14
f 3/3/3 15/15/15 4/4/4
f 16/16/16 4/4/4 15/15/15
f 4/4/4 16/16/16 5/5/5
f 17/17/17 5/5/5 16/16/16
f 5/5/5 17/17/17 6/6/6
f 18/18/18 6/6/6 17/17/17
f 6/6/6 18/18/18 7/7/7
f 19/19/19 7/7/7 18/18/18
f 7/7/7 19/19/19 8/8/8
f 20/20/20 8/8/8 19/19/19
f 8/8/8 20/20/20 9/9/9
f 21/21/21 9/9/9 20/20/20
f 9/9/9 21/21/21 10/10/10
f 22/22/22 10/10/10 21/21/21
f 10/10/10 22/22/22 11/11/11
f 23/23/23 11/11/11 22/22/22
f 11/11/11 23/23/23 12/12/12
f 24/24/24 12/12/12 23/23/23
f 13/13/13 25/25/25 14/14/14
f 26/26/26 14/14/14 25/25/25
f 14/14/14 26/26/26 15/15/15
f 27/27/27 15/15/15 26/26/26
f 15/15/15 27/27/27 16/16/16
f 28/28/28 16/16/16 27/27/27
f 16/16/16 28/28/28 17/17/17
f 29/29/29 17/17/17 28/28/28
f 17/17/17 29/29/29 18/18/18
f 30/30/30 18/18/18 29/29/29
f 18/18/18 30/30/30 19/19/19
f 31/31/31 19/19/19 30/30/30
f 19/19/19 31/31/31 20/20/20
f 32/32/32 20/20/20 31/31/31
f 20/20/20 32/32/32 21/21/21
f 33/33/33 21/21/21 32/32/32
f 21/21/21 33/33/33 22/22/22
f 34/34/34 22/22/22 33/33/33
f 22/22/22 34/34/34 23/23/23
f 35/35/35 23/23/23 34/34/34
f 23/23/23 35/35/35 24/24/24
f 36/36/36 24/24/24 35/35/35
f 25/25/25 37/37/37 26/26/26
f 38/38/38 26/26/26 37/37/37
f 26/26/26 38/38/38 27/27/27
f 39/39/39 27/27/27 38/38/38
f 27/27/27 39/39/39 28/28/28
f 40/40/40 28/28/28 39/39/39
f 28/28/28 40/40/40 29/29/29
f 41/41/41 29/29/29 40/40/40
f 29/29/29 41/41/41 30/30/30
f 42/42/42 30/30/30 41/41/41
f 30/30/30 42/42/42 31/31/31
f 43/43/43 31/31/31 42/42/42
f 31/31/31 43/43/43 32/32/32
f 44/44/44 32/32/32 43/43/43
f 32/32/32 44/44/44 33/33/33
f 45/45/45 33/33/33 44/44/44
f 33/33/33 45/45/45 34/34/34
f 46/46/46 34/34/34 45/45/45
f 34/34/34 46/46/46 35/35/35
f 47/47/47 35/35/35 46/46/46
f 35/35/35 47/47/47 36/36/36
f 48/48/48 36/36/36 47/47/47
f 37/37/37 49/49/49 38/38/38
f 50/50/50 38/38/38 49/49/49
f 38/38/38 50/50/50 39/39/39
f 51/51/51 39/39/39 50/50/50
f 39/39/39 51/51/51 40/40/40
f 52/52/52 40/40/40 51/51/51
f 40/40/40 52/52/52 41/41/41
f 53/53/53 41/41/41 52/52/52
f 41/41/41 53/53/53 42/42/42
f 54/54/54 42/42/42 53/53/53
f 42/42/42 54/54/54 43/43/43
f 55/55/55 43/43/43 54/54/54
f 43/43/43 55/55/55 44/44/44
f 56/56/56 44/44/44 55/55/55
f 44/44/44 56/56/56 45/45/45
f 57/57/57 45/45/45 56/56/56
f 45/45/45 57/57/57 46/46/46
f 58/58/58 46/46/46 57/57/57
f 46/46/46 58/58/58 47/47/47
f 59/59/59 47/47/47 58/58/58
f 47/47/47 59/59/59 48/48/48
f 60/60/60 48/48/48 59/59/59
f 49/49/49 61/61/61 50/50/50
f 62/62/62 50/50/50 61/61/61
f 50/50/50 62/62/62 51/51/51
f 63/63/63 51/51/51 62/62/62
f 51/51/51 63/63/63 52/52/52
f 64/64/64 52/52/52 63/63/63
f 52/52/52 64/64/64 53/53/53
f 65/65/65 53/53/53 64/64/64
f 53/53/53 65/65/65 54/54/54
f 66/66/66 54/54/54 65/65/65
f 54/54/54 66/66/66 55/55/55
f 67/67/67 55/55/55 66/66/66
f 55/55/55 67/67/67 56/56/56
f 68/68/68 56/56/56 67/67/67
f 56/56/56 68/68/68 57/57/57
f 69/69/69 57/57/57 68/68/68
f 57/57/57 69/69/69 58/58/58
f 70/70/70 58/58/58 69/69/69
f 58/58/58 70/70/70 59/59/59
f 71/71/71 59/59/59 70/70/70
f 59/59/59 71/71/71 60/60/60
f 72/72/72 60/60/60 71/71/71
f 61/61/61 73/73/73 62/62/62
f 74/74/74 62/62/62 73/73/73
f 62/62/62 74/74/74 63/63/63
f 75/75/75 63/63/63 74/74/74
f 63/63/63 75/75/75 64/64/64
f 76/76/76 64/64/64 75/75/75
f 64/64/64 76/76/76 65/65/65
f 77/77/77 65/65/65 76/76/76
f 65/65/65 77/77/77 66/66/66
f 78/78/78 66/66/66 77/77/77
f 66/66/66 78/78/78 67/67/67
f 79/79/79 67/67/67 78/78/78
f 67/67/67 79/79/79 68/68/68
f 80/80/80 68/68/68 79/79/79
f 68/68/68 80/80/80 69/69/69
f 81/81/81 69/69/69 80/80/80
f 69/69/69 81/81/81 70/70/70
f 82/82/82 70/70/70 81/81/81
f 70/70/70 82/82/82 71/71/71
f 83/83/83 71/71/71 82/82/82
f 71/71/71 83/83/83 72/72/72
f 84/84/84 72/72/72 83/83/83
f 73/73/73 85/85/85 74/74/74
f 86/86/86 74/74/74 85/85/85
f 74/74/74 86/86/86 75/75/75
f 87/87/87 75/75/75 86/86/86
f 75/75/75 87/87/87 76/76/76
f 88/88/88 76/76/76 87/87/87
f 76/76/76 88/88/88 77/77/77
f 89/89/89 77/77/77 88/88/88
f 77/77/77 89/89/89 78/78/78
f 90/90/90 78/78/78 89/89/89
f 78/78/78 90/90/90 79/79/79
f 91/91/91 79/79/79 90/90/90
f 79/79/79 91/91/91 80/80/80
f 92/92/92 80/80/80 91/91/91
f 80/80/80 92/92/92 81/81/81
f 93/93/93 81/81/81 92/92/92
f 81/81/81 93/93/93 82/82/82
f 94/94/94 82/82/82 93/93/93
f 82/82/82 94/94/94 83/83/83
f 95/95/95 83/83/83 94/94/94
f 83/83/83 95/95/95 84/84/84
f 96/96/96 84/84/84 95/95/95
f 85/85/85 97/97/97 86/86/86
f 98/98/98 86/86/86 97/97/97
f 86/86/86 98/98/98 87/87/87
f 99/99/99 87/87/87 98/98/98
f 87/87/87 99/99/99 88/88/88
f 100/100/100 88/88/88 99/99/99
f 88/88/88 100/100/100 89/89/89
f 101/101/101 89/89/89 100/100/100
f 89/89/89 101/101/101 90/90/90
f 102/102/102 90/90/90 101/101/101
f 90/90/90 102/102/102 91/91/91
f 103/103/103 91/91/91 102/102/102
f 91/91/91 103/103/103 92/92/92
f 104/104/104 92/92/92 103/103/103
f 92/92/92 104/104/104 93/93/93
f 105/105/105 93/93/93 104/104/104
f 93/93/93 105/105/105 94/94/94
f 106/106/106 94/94/94 105/105/105
f 94/94/94 106/106/106 95/95/95
f 107/107/107 95/95/95 106/106/106
f 95/95/95 107/107/107 96/96/96
f 108/108/108 96/96/96 107/107/107
f 97/97/97 109/109/109 98/98/98
f 110/110/110 98/98/98 109/109/109
f 98/98/98 110/110/110 99/99/99
f 111/111/111 99/99/99 110/110/110
f 99/99/99 111/111/111 100/100/100
f 112/112/112 100/100/100 111/111/111
f 100/100/100 112/112/112 101/101/101
f 113/113/113 101/101/101 112/112/112
f 101/101/101 113/113/113 102/102/102
f 114/114/114 102/102/102 113/113/113
f 102/102/102 114/114/114 103/103/103
f 115/115/115 103/103/103 114/114/114
f 103/103/103 115/115/115 104/104/104
f 116/116/116 104/104/104 115/115/115
f 104/104/104 116/116/116 105/105/105
f 117/117/117 105/105/105 116/116/116
f 105/105/105 117/117/117 106/106/106
f 118/118/118 106/106/106 117/117/117
f 106/106/106 118/118/118 107/107/107
f 119/119/119 107/107/107 118/118/118
f 107/107/107 119/119/119 108/108/108
f 120/120/120 108/108/108 119/119/119
f 109/109/109 121/121/121 110/110/110
f 122/122/122 110/110/110 121/121/121
f 110/110/110 122/122/122 111/111/111
f 123/123/123 111/111/111 122/122/122
f 111/111/111 123/123/123 112/112/112
f 124/124/124 112/112/112 123/123/123
f 112/112/112 124/124/124 113/113/113
f 125/125/125 113/113/113 124/124/124
f 113/113/113 125/125/125 114/114/114
f 126/126/126 114/114/114 125/125/125
f 114/114/114 126/126/126 115/115/115
f 127/127/127 115/115/115 126/126/126
f 115/115/115 127/127/127 116/116/116
f 128/128/128 116/116/116 127/127/127
f 116/116/116 128/128/128 117/117/117
f 129/129/129 117/117/117 128/128/128
f 117/117/117 129/129/129 118/118/118
f 130/130/130 118/118/118 129/129/129
f 118/118/118 130/130/130 119/119/119
f 131/131/131 119/119/119 130/130/130
f 119/119/119 131/131/131 120/120/120
f 132/132/132 120/120/120 131/131/131
f 121/121/121 133/133/133 122/122/122
f 134/134/134 122/122/122 133/133/133
f 122/122/122 134/134/134 123/123/123
f 135/135/135 123/123/123 134/134/134
f 123/123/123 135/135/135 124/124/124
f 136/136/136 124/124/124 135/135/135
f 124/124/124 136/136/136 125/125/125
f 137/137/137 125/125/125 136/136/136
f 125/125/125 137/137/137 126/126/126
f 138/138/138 126/126/126 137/137/137
f 126/126/126 138/138/138 127/127/127
f 139/139/139 127/127/127 138/138/138
f 127/127/127 139/139/139 128/128/128
f 140/140/140 128/128/128 139/139/139
f 128/128/128 140/140/140 129/129/129
f 141/141/141 129/129/129 140/140/140
f 129/129/129 141/141/141 130/130/130
f 142/142/142 130/130/130 141/141/141
f 130/130/130 142/142/142 131/131/131
f 143/143/143 131/131/131 142/142/142
f 131/131/131 143/143/143 132/132/132
f 144/144/144 132/132/132 143/143/143
f 133/133/133 145/145/145 134/134/134
f 146/146/146 134/134/134 145/145/145
f 134/134/134 146/146/146 135/135/135
f 147/147/147 135/135/135 146/146/146
f 135/135/135 147/147/147 136/136/136
f 148/148/148 136/136/136 147/147/147
f 136/136/136 148/148/148 137/137/137
f 149/149/149 137/137/137 148/148/148
f 137/137/137 149/149/149 138/138/138
f 150/150/150 138/138/138 149/149/149
f 138/138/138 150/150/150 139/139/139
f 151/151/151 139/139/139 150/150/150
f 139/139/139 151/151/151 140/140/140
f 152/152/152 140/140/140 151/151/151
f 140/140/140 152/152/152 141/141/141
f 153/153/153 141/141/141 152/152/152
f 141/141/141 153/153/153 142/142/142
f 154/154/154 142/142/142 153/153/153
f 142/142/142 154/154/154 143/143/143
f 155/155/155 143/143/143 154/154/154
f 143/143/143 155/155/155 144/144/144
f 156/156/156 144/144/144 155/155/155
f 145/145/145 157/157/157 146/146/146
f 158/158/158 146/146/146 157/157/157
f 146/146/146 158/158/158 147/147/147
f 159/159/159 147/147/147 158/158/158
f 147/147/147 159/159/159 148/148/148
f 160/160/160 148/148/148 159/159/159
f 148/148/148 160/160/160 149/149/149
f 161/161/161 149/149/149 160/160/160
f 149/149/149 161/161/161 150/150/150
f 162/162/162 150/150/150 161/161/161
f 150/150/150 162/162/162 151/151/151
f 163/163/163 151/151/151 162/162/162
f 151/151/151 163/163/163 152/152/152
f 164/164/164 152/152/152 163/163/163
f 152/152/152 164/164/164 153/153/153
f 165/165/165 153/153/153 164/164/164
f 153/153/153 165/165/165 154/154/154
f 166/166/166 154/154/154 165/165/165
f 154/154/154 166/166/166 155/155/155
f 167/167/167 155/155/155 166/166/166
f 155/155/155 167/167/167 156/156/156
f 168/168/168 156/156/156 167/167/167
f 157/157/157 169/169/169 158/158/158
f 170/170/170 158/158/158 169/169/169
f 158/158/158 170/170/170 159/159/159
f 171/171/171 159/159/159 170/170/170
f 159/159/159 171/171/171 160/160/160
f 172/172/172 160/160/160 171/171/171
f 160/160/160 172/172/172 161/161/161
f 173/173/173 161/161/161 172/172/172
f 161/161/161 173/173/173 162/162/162
f 174/174/174 162/162/162 173/173/173
f 162/162/162 174/174/174 163/163/163
f 175/175/175 163/163/163 174/174/174
f 163/163/163 175/175/175 164/164/164
f 176/176/176 164/164/164 175/175/175
f 164/164/164 176/176/176 165/165/165
f 177/177/177 165/165/165 176/176/176
f 165/165/165 177/177/177 166/166/166
f 178/178/178 166/166/166 177/177/177
f 166/166/166 178/178/178 167/167/167
f 179/179/179 167/167/167 178/178/178
f 167/167/167 179/179/179 168/168/168
f 180/180/180 168/168/168 179/179/179
f 169/169/169 181/181/181 170/170/170
f 182/182/182 170/170/170 181/181/181
f 170/170/170 182/182/182 171/171/171
f 183/183/183 171/171/171 182/182/182
f 171/171/171 183/183/183 172/172/172
f 184/184/184 172/172/172 183/183/183
f 172/172/172 184/184/184 173/173/173
f 185/185/185 173/173/173 184/184/184
f 173/173/173 185/185/185 174/174/174
f 186/186/186 174/174/174 185/185/185
f 174/174/174 186/186/186 175/175/175
f 187/187/187 175/175/175 186/186/186
f 175/175/175 187/187/187 176/176/176
f 188/188/188 176/176/176 187/187/187
f 176/176/176 188/188/188 177/177/177
f 189/189/189 177/177/177 188/188/188
f 177/177/177 189/189/189 178/178/178
f 190/190/190 178/178/178 189/189/189
f 178/178/178 190/190/190 179/179/179
f 191/191/191 179/179/179 190/190/190
f 179/179/179 191/191/191 180/180/180
f 192/192/192 180/180/180 191/191/191
f 181/181/181 193/193/193 182/182/182
f 194/194/194 182/182/182 193/193/193
f 182/182/182 194/194/194 183/183/183
f 195/195/195 183/183/183 194/194/194
f 183/183/183 195/195/195 184/184/184
f 196/196/196 184/184/184 195/195/195
f 184/184/184 196/196/196 185/185/185
f 197/197/197 185/185/185 196/196/196
f 185/185/185 197/197/197 186/186/186
f 198/198/198 186/186/186 197/197/197
f 186/186/186 198/198/198 187/187/187
f 199/199/199 187/187/187 198/198/198
f 187/187/187 199/199/199 188/188/188
f 200/200/200 188/188/188 199/199/199
f 188/188/188 200/200/200 189/189/189
f 201/201/201 189/189/189 200/200/200
f 189/189/189 201/201/201 190/190/190
f 202/202/202 190/190/190 201/201/201
f 190/190/190 202/202/202 191/191/191
f 203/203/203 191/191/191 202/202/202
f 191/191/191 203/203/203 192/192/192
f 204/204/204 192/192/192 203/203/203
f 193/193/193 205/205/205 194/194/194
f 206/206/206 194/194/194 205/205/205
f 194/194/194 206/206/206 195/195/195
f 207/207/207 195/195/195 206/206/206
f 195/195/195 207/207/207 196/196/196
f 208/208/208 196/196/196 207/207/207
f 196/196/196 208/208/208 197/197/197
f 209/209/209 197/197/197 208/208/208
f 197/197/197 209/209/209 198/198/198
f 210/210/210 198/198/198 209/209/209
f 198/198/198 210/210/210 199/199/199
f 211/211/211 199/199/199 210/210/210
f 199/199/199 211/211/211 200/200/200
f 212/212/212 200/200/200 211/211/211
f 200/200/200 212/212/212 201/201/201
f 213/213/213 201/201/201 212/212/212
f 201/201/201 213/213/213 202/202/202
f 214/214/214 202/202/202 213/213/213
f 202/202/202 214/214/214 203/203/203
f 215/215/215 203/203/203 214/214/214
f 203/203/203 215/215/215 204/204/204
f 216/216/216 204/204/204 215/215/215
f 205/205/205 217/217/217 206/206/206
f 218/218/218 206/206/206 217/217/217
f 206/206/206 218/218/218 207/207/207
f 219/219/219 207/207/207 218/218/218
f 207/207/207 219/219/219 208/208/208
f 220/220/220 208/208/208 219/219/219
f 208/208/208 220/220/220 209/209/209
f 221/221/221 209/209/209 220/220/220
f 209/209/209 221/221/221 210/210/210
f 222/222/222 210/210/210 221/221/221
f 210/210/210 222/222/222 211/211/211
f 223/223/223 211/211/211 222/222/222
f 211/211/211 223/223/223 212/212/212
f 224/224/224 212/212/212 223/223/223
f 212/212/212 224/224/224 213/213/213
f 225/225/225 213/213/213 224/224/224
f 213/213/213 225/225/225 214/214/214
f 226/226/226 214/214/214 225/225/225
f 214/214/214 226/226/226 215/215/215
f 227/227/227 215/215/215 226/226/226
f 215/215/215 227/227/227 216/216/216
f 228/228/228 216/216/216 227/227/227
f 217/217/217 229/229/229 218/218/218
f 230/230/230 218/218/218 229/229/229
f 218/218/218 230/230/230 219/219/219
f 231/231/231 219/219/219 230/230/230
f 219/219/219 231/231/231 220/220/220
f 232/232/232 220/220/220 231/231/231
f 220/220/220 232/232/232 221/221/221
f 233/233/233 221/221/221 232/232/232
f 221/221/221 233/233/233 222/222/222
f 234/234/234 222/222/222 233/233/233
f 222/222/222 234/234/234 223/223/223
f 235/235/235 223/223/223 234/234/234
f 223/223/223 235/235/235 224/224/224
f 236/236/236 224/224/224 235/235/235
f 224/224/224 236/236/236 225/225/225
f 237/237/237 225/225/225 236/236/236
f 225/225/225 237/237/237 226/226/226
f 238/238/238 226/226/226 237/237/237
f 226/226/226 238/238/238 227/227/227
f 239/239/239 227/227/227 238/238/238
f 227/227/227 239/239/239 228/228/228
f 240/240/240 228/228/228 239/239/239
f 229/229/229 241/241/241 230/230/230
f 242/242/242 230/230/230 241/241/241
f 230/230/230 242/242/242 231/231/231
f 243/243/243 231/231/231 242/242/242
f 231/231/231 243/243/243 232/232/232
f 244/244/244 232/232/232 243/243/243
f 232/232/232 244/244/244 233/233/233
f 245/245/245 233/233/233 244/244/244
f 233/233/233 245/245/245 234/234/234
f 246/246/246 234/234/234 245/245/245
f 234/234/234 246/246/246 235/235/235
f 247/247/247 235/235/235 246/246/246
f 235/235/235 247/247/247 236/236/236
f 248/248/248 236/236/236 247/247/247
f 236/236/236 248/248/248 237/237/237
f 249/249/249 237/237/237 248/248/248
f 237/237/237 249/249/249 238/238/238
f 250/250/250 238/238/238 249/249/249
f 238/238/238 250/250/250 239/239/239
f 251/251/251 239/239/239 250/250/250
f 239/239/239 251/251/251 240/240/240
f 252/252/252 240/240/240 251/251/251
f 241/241/241 253/253/253 242/242/242
f 254/254/254 242/242/242 253/253/253
f 242/242/242 254/254/254 243/243/243
f 255/255/255 243/243/243 254/254/254
f 243/243/243 255/255/255 244/244/244
f 256/256/256 244/244/244 255/255/255
f 244/244/244 256/256/256 245/245/245
f 257/257/257 245/245/245 256/256/256
f 245/245/245 257/257/257 246/246/246
f 258/258/258 246/246/246 257/257/257
f 246/246/246 258/258/258 247/247/247
f 259/259/259 247/247/247 258/258/258
f 247/247/247 259/259/259 248/248/248
f 260/260/260 248/248/248 259/259/259
f 248/248/248 260/260/260 249/249/249
f 261/261/261 249/249/249 260/260/260
f 249/249/249 261/261/261 250/250/250
f 262/262/262 250/250/250 261/261/261
f 250/250/250 262/262/262 251/251/251
f 263/263/263 251/251/251 262/262/262
f 251/251/251 263/263/263 252/252/252
f 264/264/264 252/252/252 263/263/263
f 253/253/253 265/265/265 254/254/254
f 266/266/266 254/254/254 265/265/265
f 254/254/254 266/266/266 255/255/255
f 267/267/267 255/255/255 266/266/266
f 255/255/255 267/267/267 256/256/256
f 268/268/268 256/256/256 267/267/267
f 256/256/256 268/268/268 257/257/257
f 269/269/269 257/257/257 268/268/268
f 257/257/257 269/269/269 258/258/258
f 270/270/270 258/258/258 269/269/269
f 258/258/258 270/270/270 259/259/259
f 271/271/271 259/259/259 270/270/270
f 259/259/259 271/271/271 260/260/260
f 272/272/272 260/260/260 271/271/271
f 260/260/260 272/272/272 261/261/261
f 273/273/273 261/261/261 272/272/272
f 261/261/261 273/273/273 262/262/262
f 274/274/274 262/262/262 273/273/273
f 262/262/262 274/274/274 263/263/263
f 275/275/275 263/263/263 274/274/274
f 263/263/263 275/275/275 264/264/264
f 276/276/276 264/264/264 275/275/275
f 265/265/265 277/277/277 266/266/266
f 278/278/278 266/266/266 277/277/277
f 266/266/266 278/278/278 267/267/267
f 279/279/279 267/267/267 278/278/278
f 267/267/267 279/279/279 268/268/268
f 280/280/280 268/268/268 279/279/279
f 268/268/268 280/280/280 269/269/269
f 281/281/281 269/269/269 280/280/280
f 269/269/269 281/281/281 270/270/270
f 282/282/282 270/270/270 281/281/281
f 270/270/270 282/282/282 271/271/271
f 283/283/283 271/271/271 282/282/282
f 271/271/271 283/283/283 272/272/272
f 284/284/284 272/272/272 283/283/283
f 272/272/272 284/284/284 273/273/273
f 285/285/285 273/273/273 284/284/284
f 273/273/273 285/285/285 274/274/274
f 286/286/286 274/274/274 285/285/285
f 274/274/274 286/286/286 275/275/275
f 287/287/287 275/275/275 286/286/286
f 275/275/275 287/287/287 276/276/276
f 288/288/288 276/276/276 287/287/287
f 277/277/277 289/289/289 278/278/278
f 290/290/290 278/278/278 289/289/289
f 278/278/278 290/290/290 279/279/279
f 291/291/291 279/279/279 290/290/290
f 279/279/279 291/291/291 280/280/280
f 292/292/292 280/280/280 291/291/291
f 280/280/280 292/292/292 281/281/281
f 293/293/293 281/281/281 292/292/292
f 281/281/281 293/293/293 282/282/282
f 294/294/294 282/282/282 293/293/293
f 282/282/282 294/294/294 283/283/283
f 295/295/295 283/283/283 294/294/294
f 283/283/283 295/295/295 284/284/284
f 296/296/296 284/284/284 295/295/295
f 284/284/284 296/296/296 285/285/285
f 297/297/297 285/285/285 296/296/296
f 285/285/285 297/297/297 286/286/286
f 298/298/298 286/286/286 297/297/297
f 286/286/286 298/298/298 287/287/287
f 299/299/299 287/287/287 298/298/298
f 287/287/287 299/299/299 288/288/288
f 300/300/300 288/288/288 299/299/299
f 289/289/289 301/301/301 290/290/290
f 302/302/302 290/290/290 301/301/301
f 290/290/290 302/302/302 291/291/291
f 303/303/303 291/291/291 302/302/302
f 291/291/291 303/303/303 292/292/292
f 304/304/304 292/292/292 303/303/303
f 292/292/292 304/304/304 293/293/293
f 305/305/305 293/293/293 304/304/304
f 293/293/293 305/305/305 294/294/294
f 306/306/306 294/294/294 305/305/305
f 294/294/294 306/306/306 295/295/295
f 307/307/307 295/295/295 306/306/306
f 295/295/295 307/307/307 296/296/296
f 308/308/308 296/296/296 307/307/307
f 296/296/296 308/308/308 297/297/297
f 309/309/309 297/297/297 308/308/308
f 297/297/297 309/309/309 298/298/298
f 310/310/310 298/298/298 309/309/309
f 298/298/298 310/310/310 299/299/299
f 311/311/311 299/299/299 310/310/310
f 299/299/299 311/311/311 300/300/300
f 312/312/312 300/300/300 311/311/311
f 301/301/301 313/313/313 302/302/302
f 314/314/314 302/302/302 313/313/313
f 302/302/302 314/314/314 303/303/303
f 315/315/315 303/303/303 314/314/314
f 303/303/303 315/315/315 304/304/304
f 316/316/316 304/304/304 315/315/315
f 304/304/304 316/316/316 305/305/305
f 317/317/317 305/305/305 316/316/316
f 305/305/305 317/317/317 306/306/306
f 318/318/318 306/306/306 317/317/317
f 306/306/306 318/318/318 307/307/307
f 319/319/319 307/307/307 318/318/318
f 307/307/307 319/319/319 308/308/308
f 320/320/320 308/308/308 319/319/319
f 308/308/308 320/320/320 309/309/309
f 321/321/321 309/309/309 320/320/320
f 309/309/309 321/321/321 310/310/310
f 322/322/322 310/310/310 321/321/321
f 310/310/310 322/322/322 311/311/311
f 323/323/323 311/311/311 322/322/322
f 311/311/311 323/323/323 312/312/312
f 324/324/324 312/312/312 323/323/323
f 313/313/313 325/325/325 314/314/314
f 326/326/326 314/314/314 325/325/325
f 314/314/314 326/326/326 315/315/315
f 327/327/327 315/315/315 326/326/326
f 315/315/315 327/327/327 316/316/316
f 328/328/328 316/316/316 327/327/327
f 316/316/316 328/328/328 317/317/317
f 329/329/329 317/317/317 328/328/328
f 317/317/317 329/329/329 318/318/318
f 330/330/330 318/318/318 329/329/329
f 318/318/318 330/330/330 319/319/319
f 331/331/331 319/319/319 330/330/330
f 319/319/319 331/331/331 320/320/320
f 332/332/332 320/320/320 331/331/331
f 320/320/320 332/332/332 321/321/321
f 333/333/333 321/321/321 332/332/332
f 321/321/321 333/333/333 322/322/322
f 334/334/334 322/322/322 333/333/333
f 322/322/322 334/334/334 323/323/323
f 335/335/335 323/323/323 334/334/334
f 323/323/323 335/335/335 324/324/324
f 336/336/336 324/324/324 335/335/335
f 325/325/325 337/337/337 326/326/326
f 338/338/338 326/326/326 337/337/337
f 326/326/326 338/338/338 327/327/327
f 339/339/339 327/327/327 338/338/338
f 327/327/327 339/339/339 328/328/328
f 340/340/340 328/328/328 339/339/339
f 328/328/328 340/340/340 329/329/329
f 341/341/341 329/329/329 340/340/340
f 329/329/329 341/341/341 330/330/330
f 342/342/342 330/330/330 341/341/341
f 330/330/330 342/342/342 331/331/331
f 343/343/343 331/331/331 342/342/342
f 331/331/331 343/343/343 332/332/332
f 344/344/344 332/332/332 343/343/343
f 332/332/332 344/344/344 333/333/333
f 345/345/345 333/333/333 344/344/344
f 333/333/333 345/345/345 334/334/334
f 346/346/346 334/334/334 345/345/345
f 334/334/334 346/346/346 335/335/335
f 347/347/347 335/335/335 346/346/346
f 335/335/335 347/347/347 336/336/336
f 348/348/348 336/336/336 347/347/347
f 337/337/337 349/349/349 338/338/338
f 350/350/350 338/338/338 349/349/349
f 338/338/338 350/350/350 339/339/339
f 351/351/351 339/339/339 350/350/350
f 339/339/339 351/351/351 340/340/340
f 352/352/352 340/340/340 351/351/351
f 340/340/340 352/352/352 341/341/341
f 353/353/353 341/341/341 352/352/352
f 341/341/341 353/353/353 342/342/342
f 354/354/354 342/342/342 353/353/353
f 342/342/342 354/354/354 343/343/343
f 355/355/355 343/343/343 354/354/354
f 343/343/343 355/355/355 344/344/344
f 356/356/356 344/344/344 355/355/355
f 344/344/344 356/356/356 345/345/345
f 357/357/357 345/345/345 356/356/356
f 345/345/345 357/357/357 346/346/346
f 358/358/358 346/346/346 357/357/357
f 346/346/346 358/358/358 347/347/347
f 359/359/359 347/347/347 358/358/358
f 347/347/347 359/359/359 348/348/348
f 360/360/360 348/348/348 359/359/359
f 349/349/349 361/361/361 350/350/350
f 362/362/362 350/350/350 361/361/361
f 350/350/350 362/362/362 351/351/351
f 363/363/363 351/351/351 362/362/362
f 351/351/351 363/363/363 352/352/352
f 364/364/364 352/352/352 363/363/363
f 352/352/352 364/364/364 353/353/353
f 365/365/365 353/353/353 364/364/364
f 353/353/353 365/365/365 354/354/354
f 366/366/366 354/354/354 365/365/365
f 354/354/354 366/366/366 355/355/355
f 367/367/367 355/355/355 366/366/366
f 355/355/355 367/367/367 356/356/356
f 368/368/368 356/356/356 367/367/367
f 356/356/356 368/368/368 357/357/357
f 369/369/369 357/357/357 368/368/368
f 357/357/357 369/369/369 358/358/358
f 370/370/370 358/358/358 369/369/369
f 358/358/358 370/370/370 359/359/359
f 371/371/371 359/359/359 370/370/370
f 359/359/359 371/371/371 360/360/360
f 372/372/372 360/360/360 371/371/371
f 361/361/361 373/373/373 362/362/362
f 374/374/374 362/362/362 373/373/373
f 362/362/362 374/374/374 363/363/363
f 375/375/375 363/363/363 374/374/374
f 363/363/363 375/375/375 364/364/364
f 376/376/376 364/364/364 375/375/375
f 364/364/364 376/376/376 365/365/365
f 377/377/377 365/365/365 376/376/376
f 365/365/365 377/377/377 366/366/366
f 378/378/378 366/366/366 377/377/377
f 366/366/366 378/378/378 367/367/367
f 379/379/379 367/367/367 378/378/378
f 367/367/367 379/379/379 368/368/368
f 380/380/380 368/368/368 379/379/379
f 368/368/368 380/380/380 369/369/369
f 381/381/381 369/369/369 380/380/380
f 369/369/369 381/381/381 370/370/370
f 382/382/382 370/370/370 381/381/381
f 370/370/370 382/382/382 371/371/371
f 383/383/383 371/371/371 382/382/382
f 371/371/371 383/383/383 372/372/372
f 384/384/384 372/372/372 383/383/383
f 373/373/373 385/385/385 374/374/374
f 386/386/386 374/374/374 385/385/385
f 374/374/374 386/386/386 375/375/375
f 387/387/387 375/375/375 386/386/386
f 375/375/375 387/387/387 376/376/376
f 388/388/388 376/376/376 387/387/387
f 376/376/376 388/388/388 377/377/377
f 389/389/389 377/377/377 388/388/388
f 377/377/377 389/389/389 378/378/378
f 390/390/390 378/378/378 389/389/389
f 378/378/378 390/390/390 379/379/379
f 391/391/391 379/379/379 390/390/390
f 379/379/379 391/391/391 380/380/380
f 392/392/392 380/380/380 391/391/391
f 380/380/380 392/392/392 381/381/381
f 393/393/393 381/381/381 392/392/392
f 381/381/381 393/393/393 382/382/382
f 394/394/394 382/382/382 393/393/393
f 382/382/382 394/394/394 383/383/383
f 395/395/395 383/383/383 394/394/394
f 383/383/383 395/395/395 384/384/384
f 396/396/396 384/384/384 395/395/395
f 385/385/385 397/397/397 386/386/386
f 398/398/398 386/386/386 397/397/397
f 386/386/386 398/398/398 387/387/387
f 399/399/399 387/387/387 398/398/398
f 387/387/387 399/399/399 388/388/388
f 400/400/400 388/388/388 399/399/399
f 388/388/388 400/400/400 389/389/389
f 401/401/401 389/389/389 400/400/400
f 389/389/389 401/401/401 390/390/390
f 402/402/402 390/390/390 401/401/401
f 390/390/390 402/402/402 391/391/391
f 403/403/403 391/391/391 402/402/402
f 391/391/391 403/403/403 392/392/392
f 404/404/404 392/392/392 403/403/403
f 392/392/392 404/404/404 393/393/393
f 405/405/405 393/393/393 404/404/404
f 393/393/393 405/405/405 394/394/394
f 406/406/406 394/394/394 405/405/405
f 394/394/394 406/406/406 395/395/395
f 407/407/407 395/395/395 406/406/406
f 395/395/395 407/407/407 396/396/396
f 408/408/408 396/396/396 407/407/407
f 397/397/397 409/409/409 398/398/398
f 410/410/410 398/398/398 409/409/409
f 398/398/398 410/410/410 399/399/399
f 411/411/411 399/399/399 410/410/410
f 399/399/399 411/411/411 400/400/400
f 412/412/412 400/400/400 411/411/411
f 400/400/400 412/412/412 401/401/401
f 413/413/413 401/401/401 412/412/412
f 401/401/401 413/413/413 402/402/402
f 414/414/414 402/402/402 413/413/413
f 402/402/402 414/414/414 403/403/403
f 415/415/415 403/403/403 414/414/414
f 403/403/403 415/415/415 404/404/404
f 416/416/416 404/404/404 415/415/415
f 404/404/404 416/416/416 405/405/405
f 417/417/417 405/405/405 416/416/416
f 405/405/405 417/417/417 406/406/406
f 418/418/418 406/406/406 417/417/417
f 406/406/406 418/418/418 407/407/407
f 419/419/419 407/407/407 418/418/418
f 407/407/407 419/419/419 408/408/408
f 420/420/420 408/408/408 419/419/419
f 409/409/409 421/421/421 410/410/410
f 422/422/422 410/410/410 421/421/421
f 410/410/410 422/422/422 411/411/411
f 423/423/423 411/411/411 422/422/422
f 411/411/411 423/423/423 412/412/412
f 424/424/424 412/412/412 423/423/423
f 412/412/412 424/424/424 413/413/413
f 425/425/425 413/413/413 424/424/424
f 413/413/413 425/425/425 414/414/414
f 426/426/426 414/414/414 425/425/425
f 414/414/414 426/426/426 415/415/415
f 427/427/427 415/415/415 426/426/426
f 415/415/415 427/427/427 416/416/416
f 428/428/428 416/416/416 427/427/427
f 416/416/416 428/428/428 417/417/417
f 429/429/429 417/417/417 428/428/428
f 417/417/417 429/429/429 418/418/418
f 430/430/430 418/418/418 429/429/429
f 418/418/418 430/430/430 419/419/419
f 431/431/431 419/419/419 430/430/430
f 419/419/419 431/431/431 420/420/420
f 432/432/432 420/420/420 431/431/431
f 421/421/421 433/433/433 422/422/422
f 434/434/434 422/422/422 433/433/433
f 422/422/422 434/434/434 423/423/423
f 435/435/435 423/423/423 434/434/434
f 423/423/423 435/435/435 424/424/424
f 436/436/436 424/424/424 435/435/435
f 424/424/424 436/436/436 425/425/425
f 437/437/437 425/425/425 436/436/436
f 425/425/425 437/437/437 426/426/426
f 438/438/438 426/426/426 437/437/437
f 426/426/426 438/438/438 427/427/427
f 439/439/439 427/427/427 438/438/438
f 427/427/427 439/439/439 428/428/428
f 440/440/440 428/428/428 439/439/439
f 428/428/428 440/440/440 429/429/429
f 441/441/441 429/429/429 440/440/440
f 429/429/429 441/441/441 430/430/430
f 442/442/442 430/430/430 441/441/441
f 430/430/430 442/442/442 431/431/431
f 443/443/443 431/431/431 442/442/442
f 431/431/431 443/443/443 432/432/432
f 444/444/444 432/432/432 443/443/443
f 433/433/433 445/445/445 434/434/434
f 446/446/446 434/434/434 445/445/445
f 434/434/434 446/446/446 435/435/435
f 447/447/447 435/435/435 446/446/446
f 435/435/435 447/447/447 436/436/436
f 448/448/448 436/436/436 447/447/447
f 436/436/436 448/448/448 437/437/437
f 449/449/449 437/437/437 448/448/448
f 437/437/437 449/449/449 438/438/438
f 450/450/450 438/438/438 449/449/449
f 438/438/438 450/450/450 439/439/439
f 451/451/451 439/439/439 450/450/450
f 439/439/439 451/451/451 440/440/440
f 452/452/452 440/440/440 451/451/451
f 440/440/440 452/452/452 441/441/441
f 453/453/453 441/441/441 452/452/452
f 441/441/441 453/453/453 442/442/442
f 454/454/454 442/442/442 453/453/453
f 442/442/442 454/454/454 443/443/443
f 455/455/455 443/443/443 454/454/454
f 443/443/443 455/455/455 444/444/444
f 456/456/456 444/444/444 455/455/455
f 445/445/445 457/457/457 446/446/446
f 458/458/458 446/446/446 457/457/457
f 446/446/446 458/458/458 447/447/447
f 459/459/459 447/447/447 458/458/458
f 447/447/447 459/459/459 448/448/448
f 460/460/460 448/448/448 459/459/459
f 448/448/448 460/460/460 449/449/449
f 461/461/461 449/449/449 460/460/460
f 449/449/449 461/461/461 450/450/450
f 462/462/462 450/450/450 461/461/461
f 450/450/450 462/462/462 451/451/451
f 463/463/463 451/451/451 462/462/462
f 451/451/451 463/463/463 452/452/452
f 464/464/464 452/452/452 463/463/463
f 452/452/452 464/464/464 453/453/453
f 465/465/465 453/453/453 464/464/464
f 453/453/453 465/465/465 454/454/454
f 466/466/466 454/454/454 465/465/465
f 454/454/454 466/466/466 455/455/455
f 467/467/467 455/455/455 466/466/466
f 455/455/455 467/467/467 456/456/456
f 468/468/468 456/456/456 467/467/467
f 457/457/457 469/469/469 458/458/458
f 470/470/470 458/458/458 469/469/469
f 458/458/458 470/470/470 459/459/459
f 471/471/471 459/459/459 470/470/470
f 459/459/459 471/471/471 460/460/460
f 472/472/472 460/460/460 471/471/471
f 460/460/460 472/472/472 461/461/461
f 473/473/473 461/461/461 472/472/472
f 461/461/461 473/473/473 462/462/462
f 474/474/474 462/462/462 473/473/473
f 462/462/462 474/474/474 463/463/463
f 475/475/475 463/463/463 474/474/474
f 463/463/463 475/475/475 464/464/464
f 476/476/476 464/464/464 475/475/475
f 464/464/464 476/476/476 465/465/465
f 477/477/477 465/465/465 476/476/476
f 465/465/465 477/477/477 466/466/466
f 478/478/478 466/466/466 477/477/477
f 466/466/466 478/478/478 467/467/467
f 479/479/479 467/467/467 478/478/478
f 467/467/467 479/479/479 468/468/468
f 480/480/480 468/468/468 479/479/479
f 469/469/469 481/481/481 470/470/470
f 482/482/482 470/470/470 481/481/481
f 470/470/470 482/482/482 471/471/471
f 483/483/483 471/471/471 482/482/482
f 471/471/471 483/483/483 472/472/472
f 484/484/484 472/472/472 483/483/483
f 472/472/472 484/484/484 473/473/473
f 485/485/485 473/473/473 484/484/484
f 473/473/473 485/485/485 474/474/474
f 486/486/486 474/474/474 485/485/485
f 474/474/474 486/486/486 475/475/475
f 487/487/487 475/475/475 486/486/486
f 475/475/475 487/487/487 476/476/476
f 488/488/488 476/476/476 487/487/487
f 476/476/476 488/488/488 477/477/477
f 489/489/489 477/477/477 488/488/488
f 477/477/477 489/489/489 478/478/478
f 490/490/490 478/478/478 489/489/489
f 478/478/478 490/490/490 479/479/479
f 491/491/491 479/479/479 490/490/490
f 479/479/479 491/491/491 480/480/480
f 492/492/492 480/480/480 491/491/491
f 481/481/481 493/493/493 482/482/482
f 494/494/494 482/482/482 493/493/493
f 482/482/482 494/494/494 483/483/483
f 495/495/495 483/483/483 494/494/494
f 483/483/483 495/495/495 484/484/484
f 496/496/496 484/484/484 495/495/495
f 484/484/484 496/496/496 485/485/485
f 497/497/497 485/485/485 496/496/496
f 485/485/485 497/497/497 486/486/486
f 498/498/498 486/486/486 497/497/497
f 486/486/486 498/498/498 487/487/487
f 499/499/499 487/487/487 498/498/498
f 487/487/487 499/499/499 488/488/488
f 500/500/500 488/488/488 499/499/499
f 488/488/488 500/500/500 489/489/489
f 501/501/501 489/489/489 500/500/500
f 489/489/489 501/501/501 490/490/490
f 502/502/502 490/490/490 501/501/501
f 490/490/490 502/502/502 491/491/491
f 503/503/503 491/491/491 502/502/502
f 491/491/491 503/503/503 492/492/492
f 504/504/504 492/492/492 503/503/503
f 493/493/493 505/505/505 494/494/494
f 506/506/506 494/494/494 505/505/505
f 494/494/494 506/506/506 495/495/495
f 507/507/507 495/495/495 506/506/506
f 495/495/495 507/507/507 496/496/496
f 508/508/508 496/496/496 507/507/507
f 496/496/496 508/508/508 497/497/497
f 509/509/509 497/497/497 508/508/508
f 497/497/497 509/509/509 498/498/498
f 510/510/510 498/498/498 509/509/509
f 498/498/498 510/510/510 499/499/499
f 511/511/511 499/499/499 510/510/510
f 499/499/499 511/511/511 500/500/500
f 512/512/512 500/500/500 511/511/511
f 500/500/500 512/512/512 501/501/501
f 513/513/513 501/501/501 512/512/512
f 501/501/501 513/513/513 502/502/502
f 514/514/514 502/502/502 513/513/513
f 502/502/502 514/514/514 503/503/503
f 515/515/515 503/503/503 514/514/514
f 503/503/503 515/515/515 504/504/504
f 516/516/516 504/504/504 515/515/515
f 505/505/505 517/517/517 506/506/506
f 518/518/518 506/506/506 517/517/517
f 506/506/506 518/518/518 507/507/507
f 519/519/519 507/507/507 518/518/518
f 507/507/507 519/519/519 508/508/508
f 520/520/520 508/508/508 519/519/519
f 508/508/508 520/520/520 509/509/509
f 521/521/521 509/509/509 520/520/520
f 509/509/509 521/521/521 510/510/510
f 522/522/522 510/510/510 521/521/521
f 510/510/510 522/522/522 511/511/511
f 523/523/523 511/511/511 522/522/522
f 511/511/511 523/523/523 512/512/512
f 524/524/524 512/512/512 523/523/523
f 512/512/512 524/524/524 513/513/513
f 525/525/525 513/513/513 524/524/524
f 513/513/513 525/525/525 514/514/514
f 526/526/526 514/514/514 525/525/525
f 514/514/514 526/526/526 515/515/515
f 527/527/527 515/515/515 526/526/526
f 515/515/515 527/527/527 516/516/516
f 528/528/528 516/516/516 527/527/527
f 517/517/517 529/529/529 518/518/518
f 530/530/530 518/518/518 529/529/529
f 518/518/518 530/530/530 519/519/519
f 531/531/531 519/519/519 530/530/530
f 519/519/519 531/531/531 520/520/520
f 532/532/532 520/520/520 531/531/531
f 520/520/520 532/532/532 521/521/521
f 533/533/533 521/521/521 532/532/532
f 521/521/521 533/533/533 522/522/522
f 534/534/534 522/522/522 533/533/533
f 522/522/522 534/534/534 523/523/523
f 535/535/535 523/523/523 534/534/534
f 523/523/523 535/535/535 524/524/524
f 536/536/536 524/524/524 535/535/535
f 524/524/524 536/536/536 525/525/525
f 537/537/537 525/525/525 536/536/536
f 525/525/525 537/537/537 526/526/526
f 538/538/538 526/526/526 537/537/537
f 526/526/526 538/538/538 527/527/527
f 539/539/539 527/527/527 538/538/538
f 527/527/527 539/539/539 528/528/528
f 540/540/540 528/528/528 539/539/539
f 529/529/529 541/541/541 530/530/530
f 542/542/542 530/530/530 541/541/541
f 530/530/530 542/542/542 531/531/531
f 543/543/543 531/531/531 542/542/542
f 531/531/531 543/543/543 532/532/532
f 544/544/544 532/532/532 543/543/543
f 532/532/532 544/544/544 533/533/533
f 545/545/545 533/533/533 544/544/544
f 533/533/533 545/545/545 534/534/534
f 546/546/546 534/534/534 545/545/545
f 534/534/534 546/546/546 535/535/535
f 547/547/547 535/535/535 546/546/546
f 535/535/535 547/547/547 536/536/536
f 548/548/548 536/536/536 547/547/547
f 536/536/536 548/548/548 537/537/537
f 549/549/549 537/537/537 548/548/548
f 537/537/537 549/549/549 538/538/538
f 550/550/550 538/538/538 549/549/549
f 538/538/538 550/550/550 539/539/539
f 551/551/551 539/539/539 550/550/550
f 539/539/539 551/551/551 540/540/540
f 552/552/552 540/540/540 551/551/551
f 541/541/541 553/553/553 542/542/542
f 554/554/554 542/542/542 553/553/553
f 542/542/542 554/554/554 543/543/543
f 555/555/555 543/543/543 554/554/554
f 543/543/543 555/555/555 544/544/544
f 556/556/556 544/544/544 555/555/555
f 544/544/544 556/556/556 545/545/545
f 557/557/557 545/545/545 556/556/556
f 545/545/545 557/557/557 546/546/546
f 558/558/558 546/546/546 557/557/557
f 546/546/546 558/558/558 547/547/547
f 559/559/559 547/547/547 558/558/558
f 547/547/547 559/559/559 548/548/548
f 560/560/560 548/548/548 559/559/559
f 548/548/548 560/560/560 549/549/549
f 561/561/561 549/549/549 560/560/560
f 549/549/549 561/561/561 550/550/550
f 562/562/562 550/550/550 561/561/561
f 550/550/550 562/562/562 551/551/551
f 563/563/563 551/551/551 562/562/562
f 551/551/551 563/563/563 552/552/552
f 564/564/564 552/552/552 563/563/563
f 553/553/553 565/565/565 554/554/554
f 566/566/566 554/554/554 565/565/565
f 554/554/554 566/566/566 555/555/555
f 567/567/567 555/555/555 566/566/566
f 555/555/555 567/567/567 556/556/556
f 568/568/568 556/556/556 567/567/567
f 556/556/556 568/568/568 557/557/557
f 569/569/569 557/557/557 568/568/568
f 557/557/557 569/569/569 558/558/558
f 570/570/570 558/558/558 569/569/569
f 558/558/558 570/570/570 559/559/559
f 571/571/571 559/559/559 570/570/570
f 559/559/559 571/571/571 560/560/560
f 572/572/572 560/560/560 571/571/571
f 560/560/560 572/572/572 561/561/561
f 573/573/573 561/561/561 572/572/572
f 561/561/561 573/573/573 562/562/562
f 574/574/574 562/562/562 573/573/573
f 562/562/562 574/574/574 563/563/563
f 575/575/575 563/563/563 574/574/574
f 563/563/563 575/575/575 564/564/564
f 576/576/576 564/564/564 575/575/575
f 565/565/565 577/577/577 566/566/566
f 578/578/578 566/566/566 577/577/577
f 566/566/566 578/578/578 567/567/567
f 579/579/579 567/567/567 578/578/578
f 567/567/567 579/579/579 568/568/568
f 580/580/580 568/568/568 579/579/579
f 568/568/568 580/580/580 569/569/569
f 581/581/581 569/569/569 580/580/580
f 569/569/569 581/581/581 570/570/570
f 582/582/582 570/570/570 581/581/581
f 570/570/570 582/582/582 571/571/571
f 583/583/583 571/571/571 582/582/582
f 571/571/571 583/583/583 572/572/572
f 584/584/584 572/572/572 583/583/583
f 572/572/572 584/584/584 573/573/573
f 585/585/585 573/573/573 584/584/584
f 573/573/573 585/585/585 574/574/574
f 586/586/586 574/574/574 585/585/585
f 574/574/574 586/586/586 575/575/575
f 587/587/587 575/575/575 586/586/586
f 575/575/575 587/587/587 576/576/576
f 588/588/588 576/576/576 587/587/587
f 577/577/577 589/589/589 578/578/578
f 590/590/590 578/578/578 589/589/589
f 578/578/578 590/590/590 579/579/579
f 591/591/591 579/579/579 590/590/590
f 579/579/579 591/591/591 580/580/580
f 592/592/592 580/580/580 591/591/591
f 580/580/580 592/592/592 581/581/581
f 593/593/593 581/581/581 592/592/592
f 581/581/581 593/593/593 582/582/582
f 594/594/594 582/582/582 593/593/593
f 582/582/582 594/594/594 583/583/583
f 595/595/595 583/583/583 594/594/594
f 583/583/583 595/595/595 584/584/584
f 596/596/596 584/584/584 595/595/595
f 584/584/584 596/596/596 585/585/585
f 597/597/597 585/585/585 596/596/596
f 585/585/585 597/597/597 586/586/586
f 598/598/598 586/586/586 597/597/597
f 586/586/586 598/598/598 587/587/587
f 599/599/599 587/587/587 598/598/598
f 587/587/587 599/599/599 588/588/588
f 600/600/600 588/588/588 599/599/599
f 589/589/589 601/601/601 590/590/590
f 602/602/602 590/590/590 601/601/601
f 590/590/590 602/602/602 591/591/591
f 603/603/603 591/591/591 602/602/602
f 591/591/591 603/603/603 592/592/592
f 604/604/604 592/592/592 603/603/603
f 592/592/592 604/604/604 593/593/593
f 605/605/605 593/593/593 604/604/604
f 593/593/593 605/605/605 594/594/594
f 606/606/606 594/594/594 605/605/605
f 594/594/594 606/606/606 595/595/595
f 607/607/607 595/595/595 606/606/606
f 595/595/595 607/607/607 596/596/596
f 608/608/608 596/596/596 607/607/607
f 596/596/596 608/608/608 597/597/597
f 609/609/609 597/597/597 608/608/608
f 597/597/597 609/609/609 598/598/598
f 610/610/610 598/598/598 609/609/609
f 598/598/598 610/610/610 599/599/599
f 611/611/611 599/599/599 610/610/610
f 599/599/599 611/611/611 600/600/600
f 612/612/612 600/600/600 611/611/611
f 601/601/601 613/613/613 602/602/602
f 614/614/614 602/602/602 613/613/613
f 602/602/602 614/614/614 603/603/603
f 615/615/615 603/603/603 614/614/614
f 603/603/603 615/615/615 604/604/604
f 616/616/616 604/604/604 615/615/615
f 604/604/604 616/616/616 605/605/605
f 617/617/617 605/605/605 616/616/616
f 605/605/605 617/617/617 606/606/606
f 618/618/618 606/606/606 617/617/617
f 606/606/606 618/618/618 607/607/607
f 619/619/619 607/607/607 618/618/618
f 607/607/607 619/619/619 608/608/608
f 620/620/620 608/608/608 619/619/619
f 608/608/608 620/620/620 609/609/609
f 621/621/621 609/609/609 620/620/620
f 609/609/609 621/621/621 610/610/610
f 622/622/622 610/610/610 621/621/621
f 610/610/610 622/622/622 611/611/611
f 623/623/623 611/611/611 622/622/622
f 611/611/611 623/623/623 612/612/612
f 624/624/624 612/612/612 623/623/623
f 613/613/613 625/625/625 614/614/614
f 626/626/626 614/614/614 625/625/625
f 614/614/614 626/626/626 615/615/615
f 627/627/627 615/615/615 626/626/626
f 615/615/615 627/627/627 616/616/616
f 628/628/628 616/616/616 627/627/627
f 616/616/616 628/628/628 617/617/617
f 629/629/629 617/617/617 628/628/628
f 617/617/617 629/629/629 618/618/618
f 630/630/630 618/618/618 629/629/629
f 618/618/618 630/630/630 619/619/619
f 631/631/631 619/619/619 630/630/630
f 619/619/619 631/631/631 620/620/620
f 632/632/632 620/620/620 631/631/631
f 620/620/620 632/632/632 621/621/621
f 633/633/633 621/621/621 632/632/632
f 621/621/621 633/633/633 622/622/622
f 634/634/634 622/622/622 633/633/633
f 622/622/622 634/634/634 623/623/623
f 635/635/635 623/623/623 634/634/634
f 623/623/623 635/635/635 624/624/624
f 636/636/636 624/624/624 635/635/635
f 625/625/625 637/637/637 626/626/626
f 638/638/638 626/626/626 637/637/637
f 626/626/626 638/638/638 627/627/627
f 639/639/639 627/627/627 638/638/638
f 627/627/627 639/639/639 628/628/628
f 640/640/640 628/628/628 639/639/639
f 628/628/628 640/640/640 629/629/629
f 641/641/641 629/629/629 640/640/640
f 629/629/629 641/641/641 630/630/630
f 642/642/642 630/630/630 641/641/641
f 630/630/630 642/642/642 631/631/631
f 643/643/643 631/631/631 642/642/642
f 631/631/631 643/643/643 632/632/632
f 644/644/644 632/632/632 643/643/643
f 632/632/632 644/644/644 633/633/633
f 645/645/645 633/633/633 644/644/644
f 633/633/633 645/645/645 634/634/634
f 646/646/646 634/634/634 645/645/645
f 634/634/634 646/646/646 635/635/635
f 647/647/647 635/635/635 646/646/646
f 635/635/635 647/647/647 636/636/636
f 648/648/648 636/636/636 647/647/647
f 637/637/637 649/649/649 638/638/638
f 650/650/650 638/638/638 649/649/649
f 638/638/638 650/650/650 639/639/639
f 651/651/651 639/639/639 650/650/650
f 639/639/639 651/651/651 640/640/640
f 652/652/652 640/640/640 651/651/651
f 640/640/640 652/652/652 641/641/641
f 653/653/653 641/641/641 652/652/652
f 641/641/641 653/653/653 642/642/642
f 654/654/654 642/642/642 653/653/653
f 642/642/642 654/654/654 643/643/643
f 655/655/655 643/643/643 654/654/654
f 643/643/643 655/655/655 644/644/644
f 656/656/656 644/644/644 655/655/655
f 644/644/644 656/656/656 645/645/645
f 657/657/657 645/645/645 656/656/656
f 645/645/645 657/657/657 646/646/646
f 658/658/658 646/646/646 657/657/657
f 646/646/646 658/658/658 647/647/647
f 659/659/659 647/647/647 658/658/658
f 647/647/647 659/659/659 648/648/648
f 660/660/660 648/648/648 659/659/659
f 649/649/649 661/661/661 650/650/650
f 662/662/662 650/650/650 661/661/661
f 650/650/650 662/662/662 651/651/651
f 663/663/663 651/651/651 662/662/662
f 651/651/651 663/663/663 652/652/652
f 664/664/664 652/652/652 663/663/663
f 652/652/652 664/664/664 653/653/653
f 665/665/665 653/653/653 664/664/664
f 653/653/653 665/665/665 654/654/654
f 666/666/666 654/654/654 665/665/665
f 654/654/654 666/666/666 655/655/655
f 667/667/667 655/655/655 666/666/666
f 655/655/655 667/667/667 656/656/656
f 668/668/668 656/656/656 667/667/667
f 656/656/656 668/668/668 657/657/657
f 669/669/669 657/657/657 668/668/668
f 657/657/657 669/669/669 658/658/658
f 670/670/670 658/658/658 669/669/669
f 658/658/658 670/670/670 659/659/659
f 671/671/671 659/659/659 670/670/670
f 659/659/659 671/671/671 660/660/660
f 672/672/672 660/660/660 671/671/671
f 661/661/661 673/673/673 662/662/662
f 674/674/674 662/662/662 673/673/673
f 662/662/662 674/674/674 663/663/663
f 675/675/675 663/663/663 674/674/674
f 663/663/663 675/675/675 664/664/664
f 676/676/676 664/664/664 675/675/675
f 664/664/664 676/676/676 665/665/665
f 677/677/677 665/665/665 676/676/676
f 665/665/665 677/677/677 666/666/666
f 678/678/678 666/666/666 677/677/677
f 666/666/666 678/678/678 667/667/667
f 679/679/679 667/667/667 678/678/678
f 667/667/667 679/679/679 668/668/668
f 680/680/680 668/668/668 679/679/679
f 668/668/668 680/680/680 669/669/669
f 681/681/681 669/669/669 680/680/680
f 669/669/669 681/681/681 670/670/670
f 682/682/682 670/670/670 681/681/681
f 670/670/670 682/682/682 671/671/671
f 683/683/683 671/671/671 682/682/682
f 671/671/671 683/683/683 672/672/672
f 684/684/684 672/672/672 683/683/683
f 673/673/673 685/685/685 674/674/674
f 686/686/686 674/674/674 685/685/685
f 674/674/674 686/686/686 675/675/675
f 687/687/687 675/675/675 686/686/686
f 675/675/675 687/687/687 676/676/676
f 688/688/688 676/676/676 687/687/687
f 676/676/676 688/688/688 677/677/677
f 689/689/689 677/677/677 688/688/688
f 677/677/677 689/689/689 678/678/678
f 690/690/690 678/678/678 689/689/689
f 678/678/678 690/690/690 679/679/679
f 691/691/691 679/679/679 690/690/690
f 679/679/679 691/691/691 680/680/680
f 692/692/692 680/680/680 691/691/691
f 680/680/680 692/692/692 681/681/681
f 693/693/693 681/681/681 692/692/692
f 681/681/681 693/693/693 682/682/682
f 694/694/694 682/682/682 693/693/693
f 682/682/682 694/694/694 683/683/683
f 695/695/695 683/683/683 694/694/694
f 683/683/683 695/695/695 684/684/684
f 696/696/696 684/684/684 695/695/695
f 685/685/685 697/697/697 686/686/686
f 698/698/698 686/686/686 697/697/697
f 686/686/686 698/698/698 687/687/687
f 699/699/699 687/687/687 698/698/698
f 687/687/687 699/699/699 688/688/688
f 700/700/700 688/688/688 699/699/699
f 688/688/688 700/700/700 689/689/689
f 701/701/701 689/689/689 700/700/700
f 689/689/689 701/701/701 690/690/690
f 702/702/702 690/690/690 701/701/701
f 690/690/690 702/702/702 691/691/691
f 703/703/703 691/691/691 702/702/702
f 691/691/691 703/703/703 692/692/692
f 704/704/704 692/692/692 703/703/703
f 692/692/692 704/704/704 693/693/693
f 705/705/705 693/693/693 704/704/704
f 693/693/693 705/705/705 694/694/694
f 706/706/706 694/694/694 705/705/705
f 694/694/694 706/706/706 695/695/695
f 707/707/707 695/695/695 706/706/706
f 695/695/695 707/707/707 696/696/696
f 708/708/708 696/696/696 707/707/707
f 697/697/697 709/709/709 698/698/698
f 710/710/710 698/698/698 709/709/709
f 698/698/698 710/710/710 699/699/699
f 711/711/711 699/699/699 710/710/710
f 699/699/699 711/711/711 700/700/700
f 712/712/712 700/700/700 711/711/711
f 700/700/700 712/712/712 701/701/701
f 713/713/713 701/701/701 712/712/712
f 701/701/701 713/713/713 702/702/702
f 714/714/714 702/702/702 713/713/713
f 702/702/702 714/714/714 703/703/703
f 715/715/715 703/703/703 714/714/714
f 703/703/703 715/715/715 704/704/704
f 716/716/716 704/704/704 715/715/715
f 704/704/704 716/716/716 705/705/705
f 717/717/717 705/705/705 716/716/716
f 705/705/705 717/717/717 706/706/706
f 718/718/718 706/706/706 717/717/717
f 706/706/706 718/718/718 707/707/707
f 719/719/719 707/707/707 718/718/718
f 707/707/707 719/719/719 708/708/708
f 720/720/720 708/708/708 719/719/719
f 709/709/709 721/721/721 710/710/710
f 722/722/722 710/710/710 721/721/721
f 710/710/710 722/722/722 711/711/711
f 723/723/723 711/711/711 722/722/722
f 711/711/711 723/723/723 712/712/712
f 724/724/724 712/712/712 723/723/723
f 712/712/712 724/724/724 713/713/713
f 725/725/725 713/713/713 724/724/724
f 713/713/713 725/725/725 714/714/714
f 726/726/726 714/714/714 725/725/725
f 714/714/714 726/726/726 715/715/715
f 727/727/727 715/715/715 726/726/726
f 715/715/715 727/727/727 716/716/716
f 728/728/728 716/716/716 727/727/727
f 716/716/716 728/728/728 717/717/717
f 729/729/729 717/717/717 728/728/728
f 717/717/717 729/729/729 718/718/718
f 730/730/730 718/718/718 729/729/729
f 718/718/718 730/730/730 719/719/719
f 731/731/731 719/719/719 730/730/730
f 719/719/719 731/731/731 720/720/720
f 732/732/732 720/720/720 731/731/731
f 721/721/721 733/733/733 722/722/722
f 734/734/734 722/722/722 733/733/733
f 722/722/722 734/734/734 723/723/723
f 735/735/735 723/723/723 734/734/734
f 723/723/723 735/735/735 724/724/724
f 736/736/736 724/724/724 735/735/735
f 724/724/724 736/736/736 725/725/725
f 737/737/737 725/725/725 736/736/736
f 725/725/725 737/737/737 726/726/726
f 738/738/738 726/726/726 737/737/737
f 726/726/726 738/738/738 727/727/727
f 739/739/739 727/727/727 738/738/738
f 727/727/727 739/739/739 728/728/728
f 740/740/740 728/728/728 739/739/739
f 728/728/728 740/740/740 729/729/729
f 741/741/741 729/729/729 740/740/740
f 729/729/729 741/741/741 730/730/730
f 742/742/742 730/730/730 741/741/741
f 730/730/730 742/742/742 731/731/731
f 743/743/743 731/731/731 742/742/742
f 731/731/731 743/743/743 732/732/732
f 744/744/744 732/732/732 743/743/743
f 733/733/733 745/745/745 734/734/734
f 746/746/746 734/734/734 745/745/745
f 734/734/734 746/746/746 735/735/735
f 747/747/747 735/735/735 746/746/746
f 735/735/735 747/747/747 736/736/736
f 748/748/748 736/736/736 747/747/747
f 736/736/736 748/748/748 737/737/737
f 749/749/749 737/737/737 748/748/748
f 737/737/737 749/749/749 738/738/738
f 750/750/750 738/738/738 749/749/749
f 738/738/738 750/750/750 739/739/739
f 751/751/751 739/739/739 750/750/750
f 739/739/739 751/751/751 740/740/740
f 752/752/752 740/740/740 751/751/751
f 740/740/740 752/752/752 741/741/741
f 753/753/753 741/741/741 752/752/752
f 741/741/741 753/753/753 742/742/742
f 754/754/754 742/742/742 753/753/753
f 742/742/742 754/754/754 743/743/743
f 755/755/755 743/743/743 754/754/754
f 743/743/743 755/755/755 744/744/744
f 756/756/756 744/744/744 755/755/755
f 745/745/745 757/757/757 746/746/746
f 758/758/758 746/746/746 757/757/757
f 746/746/746 758/758/758 747/747/747
f 759/759/759 747/747/747 758/758/758
f 747/747/747 759/759/759 748/748/748
f 760/760/760 748/748/748 759/759/759
f 748/748/748 760/760/760 749/749/749
f 761/761/761 749/749/749 760/760/760
f 749/749/749 761/761/761 750/750/750
f 762/762/762 750/750/750 761/761/761
f 750/750/750 762/762/762 751/751/751
f 763/763/763 751/751/751 762/762/762
f 751/751/751 763/763/763 752/752/752
f 764/764/764 752/752/752 763/763/763
f 752/752/752 764/764/764 753/753/753
f 765/765/765 753/753/753 764/764/764
f 753/753/753 765/765/765 754/754/754
f 766/766/766 754/754/754 765/765/765
f 754/754/754 766/766/766 755/755/755
f 767/767/767 755/755/755 766/766/766
f 755/755/755 767/767/767 756/756/756
f 768/768/768 756/756/756 767/767/767
f 757/757/757 769/769/769 758/758/758
f 770/770/770 758/758/758 769/769/769
f 758/758/758 770/770/770 759/759/759
f 771/771/771 759/759/759 770/770/770
f 759/759/759 771/771/771 760/760/760
f 772/772/772 760/760/760 771/771/771
f 760/760/760 772/772/772 761/761/761
f 773/773/773 761/761/761 772/772/772
f 761/761/761 773/773/773 762/762/762
f 774/774/774 762/762/762 773/773/773
f 762/762/762 774/774/774 763/763/763
f 775/775/775 763/763/763 774/774/774
f 763/763/763 775/775/775 764/764/764
f 776/776/776 764/764/764 775/775/775
f 764/764/764 776/776/776 765/765/765
f 777/777/777 765/765/765 776/776/776
f 765/765/765 777/777/777 766/766/766
f 778/778/778 766/766/766 777/777/777
f 766/766/766 778/778/778 767/767/767
f 779/779/779 767/767/767 778/778/778
f 767/767/767 779/779/779 768/768/768
f 780/780/780 768/768/768 779/779/779
